i,dir,p_now,p_future,gross_ret,net_ret,balance
0,-1,107133.23,107190.76,-0.0005369949174500732,-0.0005369949174500732,9994.630050825499
2,-1,107190.76,107390.02,-0.00185892888528838,-0.00185892888528838,9976.050744326249
4,-1,107390.02,107578.74,-0.001757332757736707,-0.001757332757736707,9958.519503560401
6,1,107578.74,107430.0,-0.00138261518958116,-0.00138261518958116,9944.750703229038
8,1,107430.0,107079.86,-0.003259238573955159,-0.003259238573955159,9912.338388128706
10,-1,107079.86,107082.16,-2.1479295919890617e-05,-2.1479295919890617e-05,9912.12547807921
12,-1,107082.16,107013.01,0.0006457658306482372,0.0006457658306482372,9918.52639002205
14,-1,107013.01,106679.89,0.003112892535215961,0.003112892535215961,9949.401696781893
16,-1,106679.89,107145.45,-0.004364083989962797,-0.004364083989962797,9905.981672127258
18,-1,107145.45,107290.7,-0.0013556338603273321,-0.0013556338603273321,9892.55278795274
20,1,107290.7,107435.8,0.0013524005342495649,0.0013524005342495649,9905.931481628259
22,1,107435.8,107480.78,0.00041866863745609884,0.00041866863745609884,9910.078784464406
24,1,107480.78,107317.96,-0.001514875496809731,-0.001514875496809731,9895.066248942367
26,-1,107317.96,107220.87,0.0009046947966585561,0.0009046947966585561,9904.018263890377
28,1,107220.87,106919.34,-0.0028122323573759322,-0.0028122323573759322,9876.165863260623
30,1,106919.34,107034.64,0.0010783830128393568,0.0010783830128393568,9886.816152759548
32,-1,107034.64,107158.48,-0.0011570086095491483,-0.0011570086095491483,9875.377021349776
34,-1,107158.48,107034.92,0.0011530585353580758,0.0011530585353580758,9886.763909114123
36,-1,107034.92,106894.46,0.001312282010394239,0.001312282010394239,9899.738131533068
38,-1,106894.46,106679.89,0.0020073070204013055,0.0020073070204013055,9919.60994538463
40,1,106679.89,106874.65,0.001825648676615499,0.001825648676615499,9937.719668153963
42,-1,106874.65,106532.55,0.0032009461551452123,0.0032009461551452123,9969.529773716651
44,-1,106532.55,107368.43,-0.007846240421354622,-0.007846240421354622,9891.306446224216
46,-1,107368.43,107409.83,-0.00038558820316181297,-0.00038558820316181297,9887.492475144694
48,1,107409.83,106915.05,-0.004606468514101514,-0.004606468514101514,9841.946052374524
50,-1,106915.05,106641.45,0.0025590410330444957,0.0025590410330444957,9867.13199616756
52,-1,106641.45,106999.99,-0.0033621073231844267,-0.0033621073231844267,9833.957639424418
54,-1,106999.99,107115.93,-0.0010835515031355492,-0.0010835515031355492,9823.302039842449
56,1,107115.93,107094.9,-0.00019632934149005354,-0.00019632934149005354,9821.37343742171
58,1,107094.9,107070.0,-0.00023250406882113772,-0.00023250406882113772,9819.089928136096
60,1,107070.0,107000.01,-0.0006536845054637697,-0.0006536845054637697,9812.671341192317
62,-1,107000.01,107144.43,-0.0013497195000262696,-0.0013497195000262696,9799.42698733576
64,-1,107144.43,107106.47,0.00035428813238347345,0.00035428813238347345,9802.898808021531
66,-1,107106.47,107145.16,-0.0003612293449686277,-0.0003612293449686277,9799.357713306315
68,1,107145.16,107312.58,0.0015625530821923306,0.0015625530821923306,9814.669729904748
70,1,107312.58,107129.48,-0.0017062305276791534,-0.0017062305276791534,9797.923640792496
72,1,107129.48,107224.51,0.0008870574187422875,0.0008870574187422875,9806.614961646332
74,1,107224.51,107437.74,0.0019886311441292825,0.0019886311441292825,9826.116701577546
76,1,107437.74,107495.01,0.0005330529104576875,0.0005330529104576875,9831.354541683819
78,1,107495.01,107412.4,-0.0007685007890133599,-0.0007685007890133599,9823.799137961465
80,1,107412.4,107275.76,-0.001272106386227323,-0.001272106386227323,9811.30222034105
82,-1,107275.76,107177.13,0.000919406210685314,0.000919406210685314,9820.32279253734
84,-1,107177.13,107362.99,-0.0017341386170726114,-0.0017341386170726114,9803.292991550683
86,-1,107362.99,107367.84,-4.5173853671531816e-05,-4.5173853671531816e-05,9802.850139027583
88,-1,107367.84,107144.17,0.0020832122542466802,0.0020832122542466802,9823.27155656375
90,-1,107144.17,107249.83,-0.0009861479164008369,-0.0009861479164008369,9813.584357786005
92,1,107249.83,107453.07,0.0018950146587646266,0.0018950146587646266,9832.181243999034
94,-1,107453.07,107263.27,0.001766352510914837,0.001766352510914837,9849.548342027141
96,1,107263.27,107502.27,0.0022281625387703397,0.0022281625387703397,9871.494736666653
98,1,107502.27,107297.49,-0.0019048900083691311,-0.0019048900083691311,9852.690624975108
100,1,107297.49,107214.9,-0.000769729096179339,-0.000769729096179339,9845.106722325412
102,-1,107214.9,107220.85,-5.549601781096314e-05,-5.549601781096314e-05,9844.5603581074
104,-1,107220.85,107368.66,-0.0013785565027697455,-0.0013785565027697455,9830.989075408821
106,-1,107368.66,107375.46,-6.333319238605029e-05,-6.333319238605029e-05,9830.366447486364
108,-1,107375.46,107325.32,0.00046695958275755345,0.00046695958275755345,9834.956831301035
110,-1,107325.32,107544.94,-0.0020463018419139,-0.0020463018419139,9814.831541022
112,1,107544.94,107282.0,-0.002444931393332017,-0.002444931393332017,9790.83495126709
114,1,107282.0,107253.31,-0.0002674260360545633,-0.0002674260360545633,9788.216627086409
116,-1,107253.31,107191.71,0.0005743412487688726,0.0005743412487688726,9793.83840364723
118,-1,107191.71,107293.29,-0.0009476479104586488,-0.0009476479104586488,9784.557293148644
120,-1,107293.29,107261.49,0.00029638386519781346,0.00029638386519781346,9787.457278058439
122,-1,107261.49,107350.94,-0.0008339432912967126,-0.0008339432912967126,9779.295093722549
124,1,107350.94,107350.94,0.0,0.0,9779.295093722549
126,1,107350.94,107638.38,0.002677573200569938,0.002677573200569938,9805.479872185966
128,1,107638.38,107927.51,0.0026861236670412403,0.0026861236670412403,9831.818603737342
130,1,107927.51,108001.95,0.000689722203356613,0.000689722203356613,9838.599827327715
132,1,108001.95,108387.47,0.003569565179147194,0.003569565179147194,9873.719350682908
134,1,108387.47,108204.81,-0.0016852501493023198,-0.0016852501493023198,9857.079663673001
136,1,108204.81,108083.35,-0.0011225009313355905,-0.0011225009313355905,9846.015082570279
138,1,108083.35,107969.46,-0.0010537238159253892,-0.0010537238159253892,9835.640101985813
140,1,107969.46,107792.59,-0.0016381484171543725,-0.0016381484171543725,9819.527863721045
142,1,107792.59,107582.8,-0.00194623767737645,-0.00194623767737645,9800.416728618624
144,-1,107582.8,107552.95,0.00027746070933276634,0.00027746070933276634,9803.135959195903
146,-1,107552.95,107702.19,-0.001387595598261182,-0.001387595598261182,9789.533170889767
148,-1,107702.19,107479.49,0.0020677388268520724,0.0020677388268520724,9809.775368723971
150,-1,107479.49,107483.96,-4.1589330206148745e-05,-4.1589330206148745e-05,9809.367386736913
152,-1,107483.96,107511.46,-0.00025585212900613996,-0.00025585212900613996,9806.857639206812
154,-1,107511.46,108165.7,-0.006085304766580091,-0.006085304766580091,9747.179921669775
156,1,108165.7,108296.9,0.0012129538291714148,0.0012129538291714148,9759.002800879387
158,1,108296.9,108723.83,0.003942218105966067,0.003942218105966067,9797.474918417187
160,1,108723.83,108507.54,-0.001989352288270241,-0.001989352288270241,9777.984289268963
162,1,108507.54,108506.08,-1.3455286148711387e-05,-1.3455286148711387e-05,9777.852723692393
164,1,108506.08,108608.36,0.0009426199895894438,0.0009426199895894438,9787.069523125007
166,1,108608.36,108366.55,-0.0022264400272685725,-0.0022264400272685725,9765.27919978906
168,1,108366.55,108207.95,-0.0014635512526698369,-0.0014635512526698369,9750.987213183538
170,1,108207.95,107718.87,-0.00451981578063354,-0.00451981578063354,9706.914547300636
172,-1,107718.87,107700.73,0.00016840132095707894,0.00016840132095707894,9708.54920453282
174,-1,107700.73,107632.11,0.0006371358857084619,0.0006371358857084619,9714.734869629194
176,-1,107632.11,107503.26,0.0011971334576643677,0.0011971334576643677,9726.364703773965
178,-1,107503.26,107605.03,-0.0009466689661319361,-0.0009466689661319361,9717.15705615562
180,-1,107605.03,107699.93,-0.0008819290324997286,-0.0008819290324997286,9708.587213234438
182,-1,107699.93,107594.88,0.0009753952486318829,0.0009753952486318829,9718.056923073156
184,-1,107594.88,107439.28,0.0014461654680967273,0.0014461654680967273,9732.110841412303
186,-1,107439.28,106811.02,0.0058475820016663516,0.0058475820016663516,9789.020157606767
188,-1,106811.02,107631.72,-0.0076836641013258156,-0.0076836641013258156,9713.80461483461
190,-1,107631.72,107692.1,-0.0005609870398801675,-0.0005609870398801675,9708.355296337759
192,-1,107692.1,107476.99,0.001997453852232489,0.001997453852232489,9727.74728802327
194,-1,107476.99,107279.38,0.00183862610964447,0.00183862610964447,9745.632978175052
196,-1,107279.38,107662.63,-0.003572447939203194,-0.003572447939203194,9710.81721172594
198,-1,107662.63,107661.6,9.566922153037005e-06,9.566922153037005e-06,9710.910114358248
200,1,107661.6,107181.23,-0.0044618508363243325,-0.0044618508363243325,9667.581481943029
202,-1,107181.23,107056.17,0.0011668087779921343,0.0011668087779921343,9678.861700878115
204,-1,107056.17,107214.96,-0.0014832400598676632,-0.0014832400598676632,9664.505625469454
206,-1,107214.96,107364.38,-0.0013936487967722844,-0.0013936487967722844,9651.036698833119
208,-1,107364.38,107188.44,0.0016387185396125048,0.0016387185396125048,9666.852031597977
210,-1,107188.44,107132.5,0.0005218846360671714,0.0005218846360671714,9671.897013152402
212,-1,107132.5,107191.7,-0.0005525867500524306,-0.0005525867500524306,9666.552451015063
214,-1,107191.7,106845.84,0.003226555787435026,0.003226555787435026,9697.742121770429
216,-1,106845.84,106918.11,-0.0006763950753720938,-0.0006763950753720938,9691.182616757034
218,-1,106918.11,106918.88,-7.201773394749367e-06,-7.201773394749367e-06,9691.1128230559
220,-1,106918.88,107124.15,-0.0019198667251283386,-0.0019198667251283386,9672.507178017451
222,-1,107124.15,106693.93,0.004016087875609808,0.004016087875609808,9711.352816821836
224,-1,106693.93,106602.87,0.0008534693585661168,0.0008534693585661168,9719.641158881217
226,-1,106602.87,106509.99,0.0008712711018004082,0.0008712711018004082,9728.10960134282
228,-1,106509.99,106536.56,-0.00024946016800853066,-0.00024946016800853066,9725.682825487263
230,-1,106536.56,106417.85,0.0011142653751913256,0.0011142653751913256,9736.519817109798
232,-1,106417.85,106723.07,-0.0028681278563700285,-0.0028681278563700285,9708.594233398248
234,-1,106723.07,105994.15,0.006830013416967984,0.006830013416967984,9774.904062272255
236,-1,105994.15,105984.54,9.066538106117239e-05,9.066538106117239e-05,9775.790307673897
238,-1,105984.54,106174.21,-0.0017896006342057458,-0.0017896006342057458,9758.295547139422
240,-1,106174.21,106232.19,-0.0005460836487505283,-0.0005460836487505283,9752.966701501453
242,-1,106232.19,105774.04,0.00431272291383622,0.00431272291383622,9795.0285444729
244,-1,105774.04,105570.34,0.0019258033445634926,0.0019258033445634926,9813.89184320394
246,-1,105570.34,106089.89,-0.004921363329889905,-0.004921363329889905,9765.594115763291
248,-1,106089.89,105818.07,0.0025621668568041045,0.0025621668568041045,9790.6151973437
250,-1,105818.07,105618.96,0.0018816256996559977,0.0018816256996559977,9809.037470514466
252,-1,105618.96,105668.01,-0.00046440525451107995,-0.00046440525451107995,9804.482101971464
254,-1,105668.01,105492.69,0.0016591587179506373,0.0016591587179506373,9820.749293925941
256,-1,105492.69,105763.3,-0.002565201437180198,-0.002565201437180198,9795.557093722975
258,-1,105763.3,105909.09,-0.0013784554755760237,-0.0013784554755760237,9782.054354410815
260,-1,105909.09,106195.33,-0.0027026953021691558,-0.0027026953021691558,9755.616442061586
262,1,106195.33,106305.21,0.0010346971001455874,0.0010346971001455874,9765.710550104319
264,1,106305.21,106626.12,0.0030187607926270843,0.0030187607926270843,9795.190894225118
266,1,106626.12,106976.51,0.0032861553998213555,0.0032861553998213555,9827.379413674456
268,1,106976.51,107098.92,0.0011442698962604858,0.0011442698962604858,9838.624588096654
270,1,107098.92,107707.22,0.005679795837343571,0.005679795837343571,9894.505967077312
272,1,107707.22,107517.52,-0.0017612561163494744,-0.0017612561163494744,9877.07920792454
274,1,107517.52,107782.99,0.002469085968500817,0.002469085968500817,9901.466565606597
276,1,107782.99,107404.46,-0.0035119641791343525,-0.0035119641791343525,9866.69296970729
278,1,107404.46,107323.04,-0.0007580690783233202,-0.0007580690783233202,9859.213334861644
280,1,107323.04,107752.47,0.004001284346772271,0.004001284346772271,9898.662850849914
282,1,107752.47,108140.25,0.0035988038139636025,0.0035988038139636025,9934.286196470694
284,1,108140.25,108639.15,0.004613453362646958,0.004613453362646958,9980.117562529298
286,1,108639.15,109523.41,0.008139423034882132,0.008139423034882132,10061.34996130858
288,1,109523.41,108984.81,-0.004917670112718375,-0.004917670112718375,10011.871561310254
290,1,108984.81,109127.86,0.0013125682377204129,0.0013125682377204129,10025.012825921765
292,1,109127.86,109590.64,0.00424071359962519,0.00424071359962519,10067.526034149068
294,1,109590.64,109091.62,-0.004553491064565374,-0.004553491064565374,10021.683644310291
296,1,109091.62,109200.0,0.0009934768591759457,0.0009934768591759457,10031.639955100896
298,1,109200.0,109189.47,-9.642857142855288e-05,-9.642857142855288e-05,10030.67261839094
300,1,109189.47,108702.81,-0.00445702319097252,-0.00445702319097252,9985.965677909719
302,1,108702.81,108964.62,0.0024084933958927746,0.0024084933958927746,10010.016810296576
304,-1,108964.62,108858.14,0.0009771979198385239,0.0009771979198385239,10019.798577901147
306,1,108858.14,108689.06,-0.0015532141188523418,-0.0015532141188523418,10004.235685281894
308,-1,108689.06,108554.1,0.0012417073070646323,0.0012417073070646323,10016.658017833906
310,-1,108554.1,108607.78,-0.0004944999774305625,-0.0004944999774305625,10011.704780670158
312,1,108607.78,109290.45,0.006285645466650669,0.006285645466650669,10074.634807438222
314,1,109290.45,109433.2,0.0013061525503830218,0.0013061525503830218,10087.793817386135
316,1,109433.2,109161.17,-0.002485808694253633,-0.002485808694253633,10062.717491809039
318,1,109161.17,108796.0,-0.0033452371388104085,-0.0033452371388104085,10029.055315538082
320,1,108796.0,109851.75,0.0097039413213722,0.0097039413213722,10126.37667982886
322,1,109851.75,109681.73,-0.0015477222711518523,-0.0015477222711518523,10110.703861115417
324,1,109681.73,109685.2,3.163699186736757e-05,3.163699186736757e-05,10111.023733371245
326,1,109685.2,109194.13,-0.0044770853314758385,-0.0044770853314758385,10065.755817328365
328,1,109194.13,110227.92,0.009467450310744585,0.009467450310744585,10161.052860369009
330,-1,110227.92,109714.79,0.004655172664058349,0.004655172664058349,10208.35431588265
332,1,109714.79,109313.29,-0.0036594883880286533,-0.0036594883880286533,10170.996961802795
334,1,109313.29,109494.51,0.0016578039138699374,0.0016578039138699374,10187.85848037403
336,-1,109494.51,109617.32,-0.0011216087454979373,-0.0011216087454979373,10176.431689204548
338,1,109617.32,109527.96,-0.0008151996418084284,-0.0008151996418084284,10168.13586573662
340,1,109527.96,109711.33,0.001674184381777799,0.001674184381777799,10185.15919999483
342,1,109711.33,109859.37,0.0013493592685458466,0.0013493592685458466,10198.902638962958
344,1,109859.37,109709.8,-0.0013614678474853648,-0.0013614678474853648,10185.017160940377
346,1,109709.8,109734.72,0.000227144703572435,0.000227144703572435,10187.330633644278
348,1,109734.72,109628.73,-0.0009658747933197764,-0.0009658747933197764,10177.490947774028
350,-1,109628.73,109415.01,0.001949488970637514,0.001949488970637514,10197.331854125476
352,-1,109415.01,109442.2,-0.00024850338175719244,-0.00024850338175719244,10194.797782674825
354,1,109442.2,109162.37,-0.0025568747704267647,-0.0025568747704267647,10168.730961434701
356,-1,109162.37,109330.0,-0.001535602424168836,-0.001535602424168836,10153.115833519601
358,-1,109330.0,108966.99,0.003320314643739053,0.003320314643739053,10186.827372701215
360,-1,108966.99,109094.03,-0.0011658576601958348,-0.0011658576601958348,10174.950981975659
362,-1,109094.03,109037.85,0.0005149686009399135,0.0005149686009399135,10180.190762247477
364,-1,109037.85,108811.0,0.0020804702220376114,0.0020804702220376114,10201.370345982996
366,-1,108811.0,108864.43,-0.0004910349137494663,-0.0004910349137494663,10196.36111697503
368,-1,108864.43,109011.49,-0.0013508544526437127,-0.0013508544526437127,10182.587317159401
370,-1,109011.49,108858.24,0.0014058151117831708,0.0014058151117831708,10196.902152286915
372,-1,108858.24,109000.0,-0.0013022440928678325,-0.0013022440928678325,10183.623296693548
374,-1,109000.0,108697.77,0.0027727522935779847,0.0027727522935779847,10211.859961546388
376,-1,108697.77,108000.45,0.006415219005872941,0.006415219005872941,10277.371279657014
378,-1,108000.45,107794.02,0.0019113809248015867,0.0019113809248015867,10297.015251078055
380,-1,107794.02,107571.62,0.002063194229141918,0.002063194229141918,10318.259993521464
382,-1,107571.62,107528.93,0.00039685188342430955,0.00039685188342430955,10322.354814433555
384,-1,107528.93,107844.61,-0.002935768076554046,-0.002935768076554046,10292.050774694477
386,-1,107844.61,107551.0,0.0027225282747093127,0.0027225282747093127,10320.071173933326
388,-1,107551.0,107439.39,0.0010377402348653586,0.0010377402348653586,10330.78072701719
390,-1,107439.39,107738.34,-0.0027824990443447994,-0.0027824990443447994,10302.03533951693
392,-1,107738.34,107897.04,-0.0014730132281599584,-0.0014730132281599584,10286.86030518485
394,-1,107897.04,108263.06,-0.003392308074438466,-0.003392308074438466,10251.96410591095
396,1,108263.06,107947.38,-0.0029158606823046496,-0.0029158606823046496,10222.070806858126
398,1,107947.38,108230.84,0.002625909030862905,0.002625909030862905,10248.913034903975
400,1,108230.84,107990.05,-0.002224781771997697,-0.002224781771997697,10226.111440001132
402,-1,107990.05,108080.92,-0.0008414664128777449,-0.0008414664128777449,10217.506510690026
404,-1,108080.92,108132.35,-0.000475847170805066,-0.000475847170805066,10212.644539124232
406,1,108132.35,108100.79,-0.0002918645530224362,-0.0002918645530224362,10209.663830190644
408,1,108100.79,108167.58,0.000617849323765407,0.000617849323765407,10215.971864084
410,1,108167.58,108297.01,0.0011965692493074442,0.0011965692493074442,10228.195981868354
412,1,108297.01,108021.9,-0.002540328675740944,-0.002540328675740944,10202.213002314515
414,1,108021.9,108022.61,6.572741268362492e-06,6.572741268362492e-06,10202.280058820943
416,-1,108022.61,108025.65,-2.8142256514485098e-05,-2.8142256514485098e-05,10201.992943638495
418,-1,108025.65,108041.16,-0.00014357701157097225,-0.00014357701157097225,10200.52817197958
420,-1,108041.16,108128.8,-0.0008111723346917454,-0.0008111723346917454,10192.253785727227
422,1,108128.8,108082.23,-0.0004306900659214463,-0.0004306900659214463,10187.864083272365
424,-1,108082.23,108156.43,-0.0006865143326519885,-0.0006865143326519885,10180.869968560088
426,1,108156.43,108222.91,0.0006146652584595458,0.0006146652584595458,10187.127795630655
428,1,108222.91,108040.72,-0.0016834697939650534,-0.0016834697939650534,10169.978073699449
430,-1,108040.72,108110.6,-0.0006467931720559594,-0.0006467931720559594,10163.400201321421
432,-1,108110.6,108129.59,-0.00017565345118786269,-0.00017565345118786269,10161.614965000255
434,-1,108129.59,107998.65,0.001210954374283646,0.001210954374283646,10173.920217091907
436,-1,107998.65,108183.19,-0.0017087250627669803,-0.0017087250627669803,10156.53578463037
438,-1,108183.19,108136.32,0.00043324660698207396,0.00043324660698207396,10160.936069297753
440,-1,108136.32,108183.17,-0.0004332494392262909,-0.0004332494392262909,10156.533849443716
442,-1,108183.17,108220.0,-0.0003404411240677252,-0.0003404411240677252,10153.07614764338
444,1,108220.0,108260.0,0.0003696174459435486,0.0003696174459435486,10156.828901717543
446,1,108260.0,108255.02,-4.600036948088082e-05,-4.600036948088082e-05,10156.36168383531
448,-1,108255.02,108218.46,0.00033772105903262517,0.00033772105903262517,10159.791701059092
450,-1,108218.46,108113.82,0.0009669329983073016,0.0009669329983073016,10169.615538910775
452,-1,108113.82,108008.53,0.000973881044995073,0.000973881044995073,10179.519534719007
454,-1,108008.53,108020.0,-0.00010619531624023182,-0.00010619531624023182,10178.438517422845
456,-1,108020.0,108051.88,-0.000295130531383192,-0.000295130531383192,10175.434549454547
458,-1,108051.88,108181.57,-0.0012002567655462482,-0.0012002567655462482,10163.22141529419
460,-1,108181.57,108094.65,0.0008034640281150418,0.0008034640281150418,10171.387198111146
462,1,108094.65,107991.36,-0.0009555514542115562,-0.0009555514542115562,10161.667914282642
464,-1,107991.36,107892.24,0.0009178512058741761,0.0009178512058741761,10170.994813431458
466,-1,107892.24,108071.87,-0.0016649019429013645,-0.0016649019429013645,10154.061104405337
468,-1,108071.87,108138.89,-0.000620142873441587,-0.000620142873441587,10147.764135774949
470,-1,108138.89,108214.83,-0.0007022450480118625,-0.0007022450480118625,10140.637918662209
472,-1,108214.83,108829.47,-0.005679813016385982,-0.005679813016385982,10083.040991417334
474,1,108829.47,108895.54,0.0006070965888191893,0.0006070965888191893,10089.162371208147
476,1,108895.54,108939.04,0.0003994653959198402,0.0003994653959198402,10093.192642449261
478,1,108939.04,108841.89,-0.0008917831477126548,-0.0008917831477126548,10084.191703344108
480,1,108841.89,108955.66,0.0010452776959313237,0.0010452776959313237,10094.73248401311
482,1,108955.66,108412.64,-0.004983862242677439,-0.004983862242677439,10044.421727936107
484,-1,108412.64,108589.59,-0.0016321897520437112,-0.0016321897520437112,10028.027325726565
486,-1,108589.59,108750.0,-0.001477213423496604,-0.001477213423496604,10013.213789149811
488,1,108750.0,109203.0,0.004165517241379257,0.004165517241379257,10054.924003830132
490,1,109203.0,109373.35,0.001559938829519325,0.001559938829519325,10070.609070211573
492,1,109373.35,109216.4,-0.001434993076467106,-0.001434993076467106,10056.157815920013
494,1,109216.4,108869.85,-0.0031730582586496636,-0.0031730582586496636,10024.249041311923
496,1,108869.85,108944.97,0.0006899981950925227,0.0006899981950925227,10031.165755057586
498,-1,108944.97,109445.1,-0.004590666278580846,-0.004590666278580846,9985.116020690988
500,1,109445.1,109428.94,-0.00014765393791049686,-0.00014765393791049686,9983.64167899004
502,1,109428.94,109206.81,-0.002029901779182053,-0.002029901779182053,9963.375866983142
504,1,109206.81,109115.61,-0.0008351127553308801,-0.0008351127553308801,9955.055324710469
506,1,109115.61,108780.56,-0.0030705964068752367,-0.0030705964068752367,9924.487367600168
508,1,108780.56,109066.14,0.002625285253173848,0.002625285253173848,9950.541977931638
510,-1,109066.14,109062.57,3.273243189860775e-05,3.273243189860775e-05,9950.867683369286
512,-1,109062.57,108784.64,0.0025483536652400884,0.0025483536652400884,9976.22601350252
514,-1,108784.64,108753.5,0.00028625364757373095,0.00028625364757373095,9979.081744587906
516,-1,108753.5,108724.56,0.00026610637818558214,0.00026610637818558214,9981.737241888577
518,-1,108724.56,108392.97,0.0030498168950970905,0.0030498168950970905,10012.179712771309
520,-1,108392.97,108568.29,-0.0016174480688184723,-0.0016174480688184723,9995.985532030223
522,-1,108568.29,108181.5,0.003562642462177412,0.003562642462177412,10031.597654537944
524,-1,108181.5,108402.87,-0.002046283329404597,-0.002046283329404597,10011.070163490169
526,-1,108402.87,107989.47,0.0038135521688678065,0.0038135521688678065,10049.247901824834
528,-1,107989.47,107894.26,0.0008816600359276006,0.0008816600359276006,10058.107922091001
530,-1,107894.26,107956.44,-0.0005763049860114666,-0.0005763049860114666,10052.31138434566
532,-1,107956.44,108110.49,-0.0014269644312094876,-0.0014269644312094876,10037.967093548756
534,-1,108110.49,107976.58,0.0012386402096595805,0.0012386402096595805,10050.400523214064
536,-1,107976.58,108229.77,-0.0023448603391587053,-0.0023448603391587053,10026.833737634519
538,-1,108229.77,108072.98,0.001448677198519488,0.001448677198519488,10041.359383043575
540,-1,108072.98,108216.12,-0.0013244753684038546,-0.0013244753684038546,10028.059849875443
542,-1,108216.12,108349.24,-0.0012301309638527158,-0.0012301309638527158,10015.724022946742
544,1,108349.24,107774.38,-0.005305620971591485,-0.005305620971591485,9962.584387524923
546,-1,107774.38,107847.55,-0.0006789183106412633,-0.0006789183106412633,9955.820606562924
548,-1,107847.55,107870.07,-0.00020881327392241467,-0.00020881327392241467,9953.741699067483
550,-1,107870.07,108051.38,-0.001680818414227403,-0.001680818414227403,9937.011266729227
552,-1,108051.38,108257.85,-0.0019108501899745,-0.0019108501899745,9918.02312686242
554,1,108257.85,108355.24,0.0008996114369534958,0.0008996114369534958,9926.945493899315
556,1,108355.24,108508.92,0.001418297813746694,0.001418297813746694,9941.024858990495
558,1,108508.92,108357.77,-0.001392973038529921,-0.001392973038529921,9927.177279386566
560,1,108357.77,108504.05,0.0013499724108385625,0.0013499724108385625,9940.578694831242
562,1,108504.05,108805.51,0.0027783294724943453,0.0027783294724943453,9968.196897592741
564,1,108805.51,108822.65,0.00015752878691532857,0.00015752878691532857,9969.767175557752
566,1,108822.65,108861.73,0.00035911641556229945,0.00035911641556229945,9973.34748260983
568,1,108861.73,108964.61,0.0009450520398675,0.0009450520398675,9982.772814992577
570,1,108964.61,108294.23,-0.006152272742498743,-0.006152272742498743,9921.35607390834
572,-1,108294.23,108204.96,0.0008243283137060464,0.0008243283137060464,9929.534528630424
574,-1,108204.96,108420.04,-0.001987709251036085,-0.001987709251036085,9909.797500989383
576,-1,108420.04,109111.55,-0.006378064424252372,-0.006378064424252372,9846.592174096779
578,1,109111.55,109058.04,-0.000490415542625966,-0.000490415542625966,9841.763252252702
580,1,109058.04,108781.57,-0.0025350721505721374,-0.0025350721505721374,9816.813672319391
582,1,108781.57,108646.76,-0.0012392724245477993,-0.0012392724245477993,9804.647965838361
584,1,108646.76,108891.89,0.0022562108616952514,0.0022562108616952514,9826.769319073985
586,-1,108891.89,108858.96,0.00030241003255604415,0.00030241003255604415,9829.741032703685
588,1,108858.96,108988.53,0.001190255721715383,0.001190255721715383,9841.44093821084
590,-1,108988.53,108979.35,8.422904685467802e-05,8.422904685467802e-05,9842.26987340074
592,1,108979.35,108844.53,-0.0012371151048341522,-0.0012371151048341522,9830.093852674503
594,-1,108844.53,108610.67,0.002148569156392166,0.002148569156392166,9851.214489130802
596,-1,108610.67,108450.62,0.0014736121230077837,0.0014736121230077837,9865.731358228333
598,-1,108450.62,108619.78,-0.0015597882243549854,-0.0015597882243549854,9850.342906631118
600,-1,108619.78,108618.87,8.377847938945138e-06,8.377847938945138e-06,9850.425431306136
602,-1,108618.87,108933.45,-0.002896181851274937,-0.002896181851274937,9821.89680794465
604,-1,108933.45,108719.31,0.001965787368342742,0.001965787368342742,9841.204568622872
606,1,108719.31,108694.2,-0.0002309617307173495,-0.0002309617307173495,9838.93162698336
608,1,108694.2,108847.02,0.0014059627836628952,0.0014059627836628952,9852.764798681903
610,-1,108847.02,108899.33,-0.0004805827481542124,-0.0004805827481542124,9848.029729898035
612,1,108899.33,109149.28,0.0022952390983488336,0.0022952390983488336,9870.633312775799
614,1,109149.28,109539.6,0.0035760199242724777,0.0035760199242724777,9905.930894167474
616,1,109539.6,109359.86,-0.0016408677774978342,-0.0016408677774978342,9889.676571357113
618,1,109359.86,109075.35,-0.0026015944058450646,-0.0026015944058450646,9863.947644113454
620,-1,109075.35,109213.63,-0.001267747479150927,-0.001267747479150927,9851.442649353152
622,-1,109213.63,109525.95,-0.002859716319290939,-0.002859716319290939,9823.270318040239
624,1,109525.95,109334.95,-0.0017438789620176642,-0.0017438789620176642,9806.139723594395
626,1,109334.95,109599.52,0.002419811780222325,0.002419811780222325,9829.868736016055
628,1,109599.52,111691.6,0.019088404766736122,0.019088404766736122,10017.505249253014
630,1,111691.6,110821.82,-0.00778733584262381,-0.00778733584262381,9939.495571571833
632,1,110821.82,110937.11,0.0010403185942984283,0.0010403185942984283,9949.835813632886
634,1,110937.11,111487.8,0.004963983648032633,0.004963983648032633,9999.22663591237
636,1,111487.8,111475.16,-0.0001133756339258829,-0.0001133756339258829,9998.092967253755
638,1,111475.16,111132.37,-0.003075034832872303,-0.003075034832872303,9967.348483117154
640,1,111132.37,111380.91,0.002236432103445818,0.002236432103445818,9989.63978125103
642,1,111380.91,111192.69,-0.0016898766583968161,-0.0016898766583968161,9972.758522158902
644,1,111192.69,111259.01,0.0005964420862558661,0.0005964420862558661,9978.706695057585
646,1,111259.01,111137.08,-0.001095911243502834,-0.001095911243502834,9967.770918194854
648,1,111137.08,110957.69,-0.0016141327448948584,-0.0016141327448948584,9951.681612762184
650,1,110957.69,111274.35,0.002853880609807291,0.002853880609807291,9980.082523951822
652,1,111274.35,111212.02,-0.0005601470599468916,-0.0005601470599468916,9974.492210068003
654,1,111212.02,111462.74,0.0022544325694291434,0.0022544325694291434,9996.979030169898
656,1,111462.74,111242.91,-0.001972228567142742,-0.001972228567142742,9977.26270254147
658,1,111242.91,111266.76,0.00021439568598125014,0.00021439568598125014,9979.401784622796
660,1,111266.76,111255.6,-0.00010029949645329328,-0.00010029949645329328,9978.400855648893
662,1,111255.6,111043.23,-0.0019088477344062493,-0.0019088477344062493,9959.35360778259
664,-1,111043.23,110861.95,0.0016325173538269677,0.0016325173538269677,9975.612425380194
666,-1,110861.95,111291.31,-0.0038729248403082117,-0.0038729248403082117,9936.977628220651
668,-1,111291.31,111490.2,-0.0017871116801482234,-0.0017871116801482234,9919.219139435887
670,1,111490.2,112650.88,0.010410601111129125,0.010410601111129125,10022.484173230432
672,1,112650.88,113713.28,0.009430907241914088,0.009430907241914088,10117.00529180172
674,1,113713.28,113499.97,-0.0018758582990482386,-0.0018758582990482386,10098.02722346358
676,1,113499.97,113400.0,-0.0008807931843506367,-0.0008807931843506367,10089.132949909766
678,1,113400.0,113510.9,0.0009779541446206519,0.0009779541446206519,10098.999659293759
680,1,113510.9,116400.0,0.02545218124426829,0.02545218124426829,10356.041229007908
682,1,116400.0,116041.99,-0.0030756872852233386,-0.0030756872852233386,10324.1892846746
684,1,116041.99,116038.0,-3.438410527090152e-05,-3.438410527090152e-05,10323.834296663399
686,1,116038.0,115763.38,-0.0023666385149692104,-0.0023666385149692104,10299.401512794755
688,1,115763.38,116000.0,0.0020439969876484554,0.0020439969876484554,10320.45345846149
690,1,116000.0,116707.12,0.006095862068965507,0.006095862068965507,10383.36551923345
692,1,116707.12,116719.47,0.00010582045037188514,0.00010582045037188514,10384.464291649072
694,1,116719.47,116903.46,0.0015763436897031635,0.0015763436897031635,10400.833776406162
696,1,116903.46,117853.59,0.00812747543999115,0.00812747543999115,10485.366297479333
698,1,117853.59,117658.3,-0.0016570560133127854,-0.0016570560133127854,10467.991458204307
700,1,117658.3,117662.64,3.68864754971554e-05,3.68864754971554e-05,10468.377585514734
702,1,117662.64,118070.52,0.003466520893972813,0.003466520893972813,10504.666435140918
704,1,118070.52,118593.74,0.0044314194601666745,0.0044314194601666745,10551.21701840416
706,1,118593.74,118017.83,-0.004856158512245301,-0.004856158512245301,10499.978636065689
708,1,118017.83,117948.87,-0.0005843184881471064,-0.0005843184881471064,10493.843304423486
710,1,117948.87,117958.86,8.46977169006724e-05,8.46977169006724e-05,10494.732108992885
712,1,117958.86,117998.42,0.00033537116245452303,0.00033537116245452303,10498.251739499927
714,1,117998.42,117845.13,-0.0012990851911406365,-0.0012990851911406365,10484.613616132276
716,1,117845.13,116905.19,-0.007976061463040529,-0.007976061463040529,10400.987693513773
718,1,116905.19,117392.85,0.004171414459871237,0.004171414459871237,10444.374523975439
720,-1,117392.85,117741.44,-0.002969431272858536,-0.002969431272858536,10413.360671638498
722,1,117741.44,117694.88,-0.000395442760000253,-0.000395442760000253,10409.242783553627
724,1,117694.88,118006.11,0.0026443801123718913,0.0026443801123718913,10436.768778155307
726,1,118006.11,117847.66,-0.001342727084216233,-0.001342727084216233,10422.755046045175
728,1,117847.66,117499.25,-0.0029564439378770846,-0.0029564439378770846,10391.940755073318
730,1,117499.25,117486.51,-0.00010842622399720447,-0.00010842622399720447,10390.813996177243
732,-1,117486.51,117426.49,0.0005108671625362327,0.0005108671625362327,10396.122321839912
734,-1,117426.49,117414.85,9.912584460280982e-05,9.912584460280982e-05,10397.152846245659
736,-1,117414.85,117625.79,-0.0017965359577598594,-0.0017965359577598594,10378.473987299054
738,-1,117625.79,117543.9,0.0006961908608648093,0.0006961908608648093,10385.699386038736
740,1,117543.9,117768.57,0.0019113709856488637,0.0019113709856488637,10405.550310510882
742,1,117768.57,117677.59,-0.0007725320940893399,-0.0007725320940893399,10397.51168893935
744,1,117677.59,117731.21,0.0004556517515357239,0.0004556517515357239,10402.249333352029
746,-1,117731.21,117940.68,-0.0017792223489421222,-0.0017792223489421222,10383.741418858861
748,-1,117940.68,117846.74,0.0007965021059738175,0.0007965021059738175,10392.012090766872
750,1,117846.74,117784.5,-0.000528143587171015,-0.000528143587171015,10386.523616223329
752,1,117784.5,118099.0,0.002670130619903288,0.002670130619903288,10414.256990965356
754,1,118099.0,117940.95,-0.0013382839820827996,-0.0013382839820827996,10400.319757649053
756,1,117940.95,117830.3,-0.0009381813526174732,-0.0009381813526174732,10390.562371591168
758,1,117830.3,117533.12,-0.002522101700496493,-0.002522101700496493,10364.356316564663
760,-1,117533.12,117468.83,0.0005469947534787467,0.0005469947534787467,10370.025565093007
762,-1,117468.83,117282.59,0.0015854418572144313,0.0015854418572144313,10386.466637684287
764,-1,117282.59,117055.91,0.0019327676852974873,0.0019327676852974873,10406.541264766025
766,-1,117055.91,117210.3,-0.0013189423754853546,-0.0013189423754853546,10392.815636509687
768,-1,117210.3,117504.09,-0.002506520331404305,-0.002506520331404305,10366.76583281624
770,-1,117504.09,117530.3,-0.00022305606553785218,-0.00022305606553785218,10364.453462817219
772,-1,117530.3,117482.68,0.00040517211306367873,0.00040517211306367873,10368.652850327497
774,1,117482.68,117152.76,-0.002808243734310434,-0.002808243734310434,10339.535145927324
776,-1,117152.76,117496.45,-0.002933691020168938,-0.002933691020168938,10309.202144516996
778,-1,117496.45,117418.94,0.0006596795052105087,0.0006596795052105087,10316.002913886807
780,-1,117418.94,117393.39,0.00021759692260892027,0.00021759692260892027,10318.247644374493
782,-1,117393.39,117568.93,-0.0014953141739921794,-0.0014953141739921794,10302.818622421099
784,-1,117568.93,117521.63,0.00040231717682548407,0.00040231717682548407,10306.963623322616
786,-1,117521.63,117726.32,-0.0017417219281250507,-0.0017417219281250507,10289.011758767487
788,-1,117726.32,117868.65,-0.001208990478934524,-0.001208990478934524,10276.572441513492
790,1,117868.65,117800.0,-0.0005824279823345435,-0.0005824279823345435,10270.587078161067
792,1,117800.0,117793.6,-5.432937181659714e-05,-5.432937181659714e-05,10270.029083616922
794,1,117793.6,117929.43,0.0011531186753779288,0.0011531186753779288,10281.871645949916
796,1,117929.43,117904.47,-0.00021165200238815185,-0.00021165200238815185,10279.695467227752
798,1,117904.47,117925.71,0.00018014584179892879,0.00018014584179892879,10281.547311621132
800,1,117925.71,117798.02,-0.0010828003494742777,-0.0010828003494742777,10270.414448598973
802,1,117798.02,117750.0,-0.000407646919702076,-0.000407646919702076,10266.227745784938
804,1,117750.0,118008.9,0.002198726114649663,0.002198726114649663,10288.800368828535
806,1,118008.9,118495.42,0.00412273989504186,0.00412273989504186,10331.218416581227
808,1,118495.42,118661.63,0.001402670246664517,0.001402670246664517,10345.709709265959
810,1,118661.63,118773.32,0.0009412478153216775,0.0009412478153216775,10355.447585927757
812,1,118773.32,118650.12,-0.0010372699862225554,-0.0010372699862225554,10344.706190952973
814,1,118650.12,118614.49,-0.0003002946815392482,-0.0003002946815392482,10341.599730701744
816,1,118614.49,118761.32,0.0012378757435116405,0.0012378757435116405,10354.401346157487
818,1,118761.32,118952.58,0.001610457007382493,0.001610457007382493,10371.076664362658
820,1,118952.58,119073.8,0.0010190615453653518,0.0010190615453653518,10381.645429775346
822,1,119073.8,119072.04,-1.4780749417631078e-05,-1.4780749417631078e-05,10381.491981275705
824,1,119072.04,118607.4,-0.003902175523321838,-0.003902175523321838,10340.981577370809
826,1,118607.4,118609.93,2.1330878174463663e-05,2.1330878174463663e-05,10341.20215958904
828,-1,118609.93,119098.77,-0.004121408721849962,-0.004121408721849962,10298.581838814096
830,-1,119098.77,119148.68,-0.00041906394163415683,-0.00041906394163415683,10294.26607451548
832,1,119148.68,119081.56,-0.0005633297825875516,-0.0005633297825875516,10288.467007845826
834,1,119081.56,119703.29,0.005221043459625374,0.005221043459625374,10342.18354122671
836,1,119703.29,120779.84,0.008993487146426782,0.008993487146426782,10435.195835970719
838,1,120779.84,121460.06,0.005631900158172165,0.005631900158172165,10493.96581704988
840,1,121460.06,122540.84,0.008898233707442582,0.008898233707442582,10587.343577407904
842,1,122540.84,122138.8,-0.0032808653833285017,-0.0032808653833285017,10552.60792836338
844,1,122138.8,122787.41,0.005310433703294981,0.005310433703294981,10608.64685316382
846,1,122787.41,122507.85,-0.002276780656909394,-0.002276780656909394,10584.493291212553
848,1,122507.85,122034.26,-0.0038657930899939075,-0.0038657930899939075,10543.575830186297
850,1,122034.26,121970.24,-0.0005246067784570041,-0.0005246067784570041,10538.044598836606
852,1,121970.24,121473.29,-0.004074354531072633,-0.004074354531072633,10495.10886907669
854,-1,121473.29,121897.04,-0.0034884211994257175,-0.0034884211994257175,10458.497508807523
856,1,121897.04,121788.29,-0.0008921463556457176,-0.0008921463556457176,10449.16699836951
858,1,121788.29,121211.51,-0.004735923297716105,-0.004735923297716105,10399.680544940205
860,-1,121211.51,119952.76,0.01038473986505073,0.01038473986505073,10507.678522079039
862,-1,119952.76,120368.27,-0.0034639469737920425,-0.0034639469737920425,10471.280480860903
864,-1,120368.27,119885.42,0.004011439227298075,0.004011439227298075,10513.28538614187
866,-1,119885.42,119700.0,0.001546643453390728,0.001546643453390728,10529.545690157976
868,-1,119700.0,119957.24,-0.0021490392648286782,-0.0021490392648286782,10506.917283029019
870,-1,119957.24,120300.64,-0.0028626867373739984,-0.0028626867373739984,10476.839270272207
872,-1,120300.64,120091.33,0.0017398909930985695,0.0017398909930985695,10495.067828554695
874,-1,120091.33,120012.43,0.0006569999682741745,0.0006569999682741745,10501.96308778509
876,-1,120012.43,119878.79,0.0011135513213089698,0.0011135513213089698,10513.657562657832
878,-1,119878.79,119461.93,0.0034773457423118437,0.0034773457423118437,10550.217185019465
880,-1,119461.93,118609.97,0.007131644365698686,0.007131644365698686,10625.457581963907
882,-1,118609.97,118249.96,0.0030352423156332353,0.0030352423156332353,10657.708420439649
884,-1,118249.96,117258.31,0.008386049348346525,0.008386049348346525,10747.084489193743
886,-1,117258.31,117412.91,-0.0013184566620481064,-0.0013184566620481064,10732.914924051373
888,-1,117412.91,117363.64,0.00041963017525081803,0.00041963017525081803,10737.418779021904
890,-1,117363.64,116996.1,0.003131634294914476,0.003131634294914476,10771.04444790915
892,-1,116996.1,116942.79,0.00045565621418164337,0.00045565621418164337,10775.952341245067
894,-1,116942.79,116794.63,0.0012669442895965055,0.0012669442895965055,10789.604872528771
896,-1,116794.63,116720.07,0.0006383855148134332,0.0006383855148134332,10796.492799989952
898,-1,116720.07,116998.65,-0.002386736060045136,-0.002386736060045136,10770.724421302199
900,-1,116998.65,117156.96,-0.0013530925356832757,-0.0013530925356832757,10756.150634483833
902,-1,117156.96,117261.63,-0.0008934168315737345,-0.0008934168315737345,10746.540908464041
904,-1,117261.63,118109.2,-0.007228025058154008,-0.007228025058154008,10668.864641489186
906,1,118109.2,115944.89,-0.01832465210161438,-0.01832465210161438,10473.361408614683
908,1,115944.89,116498.84,0.004777700854259326,0.004777700854259326,10523.399996363587
910,-1,116498.84,117114.13,-0.005281511815911744,-0.005281511815911744,10467.820534939226
912,-1,117114.13,117498.38,-0.0032809875290027435,-0.0032809875290027435,10433.475746308251
914,1,117498.38,116731.85,-0.006523749518929534,-0.006523749518929534,10365.41036392751
916,-1,116731.85,116540.33,0.001640683326787018,0.001640683326787018,10382.416719886913
918,-1,116540.33,116511.12,0.0002506428461289678,0.0002506428461289678,10385.018998363283
920,-1,116511.12,117537.48,-0.008809116245728221,-0.008809116245728221,10293.536158792604
922,1,117537.48,117757.14,0.0018688506849049435,0.0018688506849049435,10312.773240893057
924,1,117757.14,117680.43,-0.0006514254677041365,-0.0006514254677041365,10306.055237761282
926,1,117680.43,118163.75,0.004107055013310212,0.004107055013310212,10348.38277359298
928,1,118163.75,117697.63,-0.003944695390929898,-0.003944695390929898,10307.56155576241
930,1,117697.63,117399.99,-0.002528852959910899,-0.002528852959910899,10281.495248212655
932,-1,117399.99,117612.65,-0.0018114141236298398,-0.0018114141236298398,10262.87120250801
934,1,117612.65,117877.21,0.0022494178984999724,0.0022494178984999724,10285.956688680932
936,1,117877.21,117986.5,0.0009271512279600547,0.0009271512279600547,10295.493326055586
938,1,117986.5,118349.98,0.003080691435036975,0.003080691435036975,10327.210564164647
940,1,118349.98,118182.39,-0.001416054316189963,-0.001416054316189963,10312.586673071059
942,1,118182.39,118750.86,0.004810107495710758,0.004810107495710758,10362.191323527364
944,1,118750.86,119142.4,0.0032971550690243934,0.0032971550690243934,10396.357075175933
946,1,119142.4,118791.25,-0.0029473134669101286,-0.0029473134669101286,10365.71575196146
948,1,118791.25,118820.87,0.00024934496438078213,0.00024934496438078213,10368.300390986413
950,1,118820.87,118799.37,-0.00018094464381557263,-0.00018094464381557263,10366.424302565192
952,1,118799.37,118563.41,-0.0019862058191049137,-0.0019862058191049137,10345.834450292126
954,1,118563.41,119060.8,0.004195139124288039,0.004195139124288039,10389.236665167953
956,-1,119060.8,118942.55,0.000993190033999447,0.000993190033999447,10399.55515148466
958,1,118942.55,119242.0,0.002517601985160045,0.002517601985160045,10425.737092178819
960,1,119242.0,119084.14,-0.0013238623974773933,-0.0013238623974773933,10411.934850876498
962,1,119084.14,119744.44,0.005544818982611721,0.005544818982611721,10469.667144883355
964,1,119744.44,119322.13,-0.0035267608249702764,-0.0035267608249702764,10432.743132946302
966,1,119322.13,119820.44,0.0041761741933370455,0.0041761741933370455,10476.312085583826
968,1,119820.44,119376.82,-0.003702373317941321,-0.003702373317941321,10437.524867247734
970,1,119376.82,118636.67,-0.006200114896677711,-0.006200114896677711,10372.811013833867
972,-1,118636.67,118585.41,0.00043207551257118393,0.00043207551257118393,10377.292851469474
974,-1,118585.41,119042.18,-0.0038518229181818686,-0.0038518229181818686,10337.321357035498
976,-1,119042.18,118002.0,0.008737911217687633,0.008737911217687633,10427.64795328198
978,-1,118002.0,118246.99,-0.002076151251673819,-0.002076151251673819,10405.99857893176
980,-1,118246.99,118171.2,0.0006409465475611942,0.0006409465475611942,10412.668267794852
982,-1,118171.2,118364.77,-0.001638047172238366,-0.001638047172238366,10395.611825983335
984,-1,118364.77,118603.79,-0.0020193508592125653,-0.0020193508592125653,10374.619438310496
986,-1,118603.79,118523.07,0.0006805853337400469,0.0006805853337400469,10381.680252143346
988,-1,118523.07,118300.9,0.0018744873888265623,0.0018744873888265623,10401.140580850819
990,-1,118300.9,118381.8,-0.0006838494043579502,-0.0006838494043579502,10394.02776705996
992,-1,118381.8,118851.75,-0.003969782517245113,-0.003969782517245113,10352.765737346526
994,1,118851.75,118417.49,-0.0036537955898839902,-0.0036537955898839902,10314.938847552308
996,-1,118417.49,118126.48,0.0024574917100507188,0.0024574917100507188,10340.287724259848
998,-1,118126.48,118000.0,0.0010707167436123655,0.0010707167436123655,10351.359243459983
1000,-1,118000.0,118404.08,-0.003424406779660938,-0.003424406779660938,10315.911978687973
1002,-1,118404.08,118632.15,-0.0019262005160631812,-0.0019262005160631812,10296.041463710962
1004,1,118632.15,118963.91,0.0027965437699646323,0.0027965437699646323,10324.834794321601
1006,-1,118963.91,118420.78,0.004565502260307386,0.004565502260307386,10371.972850912378
1008,1,118420.78,119232.58,0.00685521578223014,0.00685521578223014,10443.074962892815
1010,1,119232.58,119514.62,0.0023654608497105656,0.0023654608497105656,10467.77764786813
1012,1,119514.62,118929.92,-0.004892288491566976,-0.004892288491566976,10416.566259749183
1014,1,118929.92,119305.23,0.0031557239759347766,0.0031557239759347766,10449.438067641986
1016,1,119305.23,120397.13,0.009152155358151504,0.009152155358151504,10545.072948242429
1018,1,120397.13,119741.16,-0.005448385688263557,-0.005448385688263557,10487.619323709529
1020,1,119741.16,119197.83,-0.004537537468319197,-0.004537537468319197,10440.031358074728
1022,1,119197.83,119774.63,0.004839014267290054,0.004839014267290054,10490.550818767408
1024,1,119774.63,120218.46,0.003705542651227578,0.003705542651227578,10529.424002261221
1026,1,120218.46,119998.63,-0.001828587722717434,-0.001828587722717434,10510.1700268034
1028,1,119998.63,120200.01,0.0016781858259546922,0.0016781858259546922,10527.808045170756
1030,1,120200.01,120345.0,0.0012062395003129556,0.0012062395003129556,10540.507103086553
1032,1,120345.0,120500.0,0.0012879637708256286,0.0012879637708256286,10554.082894361458
1034,1,120500.0,120344.8,-0.0012879668049792237,-0.0012879668049792237,10540.48958593652
1036,1,120344.8,119387.82,-0.007951984630827358,-0.007951984630827358,10456.671774747758
1038,-1,119387.82,118651.8,0.006164950494950028,0.006164950494950028,10521.136638581018
1040,-1,118651.8,118740.54,-0.0007479026866847871,-0.0007479026866847871,10513.267852222045
1042,-1,118740.54,119197.85,-0.0038513383887255337,-0.0038513383887255337,10472.777700151828
1044,-1,119197.85,119164.37,0.00028087754938543874,0.00028087754938543874,10475.719268287505
1046,-1,119164.37,119485.46,-0.0026945134690847805,-0.0026945134690847805,10447.492301620754
1048,-1,119485.46,118805.14,0.00569374717225013,0.00569374717225013,10506.977681370214
1050,-1,118805.14,118086.69,0.006047297280235453,0.006047297280235453,10570.516498926258
1052,-1,118086.69,118032.38,0.0004599163546712415,0.0004599163546712415,10575.378052341435
1054,-1,118032.38,117747.84,0.0024106944213105885,0.0024106944213105885,10600.872057215463
1056,-1,117747.84,117733.48,0.00012195552801652632,0.00012195552801652632,10602.164892164637
1058,-1,117733.48,117374.27,0.003051043764271566,0.003051043764271566,10634.512561246655
1060,-1,117374.27,117411.59,-0.0003179572490630278,-0.0003179572490630278,10631.131240887555
1062,-1,117411.59,117477.06,-0.0005576110501526177,-0.0005576110501526177,10625.203204632013
1064,-1,117477.06,117567.51,-0.0007699375520633378,-0.0007699375520633378,10617.022461686463
1066,-1,117567.51,117684.84,-0.0009979797990107286,-0.0009979797990107286,10606.426887744057
1068,-1,117684.84,117885.51,-0.0017051474089611052,-0.0017051474089611052,10588.341366418084
1070,-1,117885.51,117791.99,0.0007933120872954946,0.0007933120872954946,10596.741225608474
1072,-1,117791.99,118066.32,-0.002328935948870514,-0.002328935948870514,10572.062094027277
1074,1,118066.32,118179.49,0.0009585290707798677,0.0009585290707798677,10582.195722882492
1076,1,118179.49,118347.11,0.0014183510184380133,0.0014183510184380133,10597.204990963353
1078,1,118347.11,118178.71,-0.001422932930090104,-0.001422932930090104,10582.125879014797
1080,1,118178.71,118200.95,0.00018818956477018034,0.00018818956477018034,10584.117324678311
1082,1,118200.95,118199.88,-9.052380712581964e-06,-9.052380712581964e-06,10584.02151321878
1084,-1,118199.88,118196.89,2.5296133972396717e-05,2.5296133972396717e-05,10584.289248044946
1086,1,118196.89,118073.52,-0.0010437668876058792,-0.0010437668876058792,10573.241717398994
1088,-1,118073.52,118118.01,-0.00037679913328569903,-0.00037679913328569903,10569.257729083858
1090,1,118118.01,118353.29,0.0019919062300490786,0.0019919062300490786,10590.310699401414
1092,1,118353.29,118265.12,-0.0007449729534345639,-0.0007449729534345639,10582.421204361892
1094,1,118265.12,118206.93,-0.0004920301099766711,-0.0004920301099766711,10577.21433449289
1096,1,118206.93,118192.12,-0.00012528876268080857,-0.00012528876268080857,10575.889128396311
1098,-1,118192.12,117654.09,0.004552164729763719,0.004552164729763719,10624.032317872488
1100,-1,117654.09,118028.17,-0.0031794899777815022,-0.0031794899777815022,10590.253313594187
1102,-1,118028.17,118090.04,-0.0005241968929958762,-0.0005241968929958762,10584.701935711162
1104,-1,118090.04,117844.4,0.002080107687320587,0.002080107687320587,10606.719255575634
1106,-1,117844.4,117976.7,-0.0011226668386448146,-0.0011226668386448146,10594.811443600584
1108,-1,117976.7,117959.6,0.00014494387451069457,0.00014494387451069457,10596.34709662093
1110,-1,117959.6,117814.68,0.0012285562175525788,0.0012285562175525788,10609.36530472983
1112,-1,117814.68,117766.79,0.0004064858470947952,0.0004064858470947952,10613.677861572864
1114,-1,117766.79,117841.44,-0.0006338798909268917,-0.0006338798909268917,10606.950064607636
1116,-1,117841.44,117796.0,0.00038560289147859805,0.00038560289147859805,10611.040135222318
1118,-1,117796.0,117973.32,-0.0015053142721315194,-0.0015053142721315194,10595.067185064607
1120,-1,117973.32,117966.42,5.848780046202595e-05,5.848780046202595e-05,10595.686867240007
1122,1,117966.42,117923.61,-0.00036289988286497543,-0.00036289988286497543,10591.841693717011
1124,-1,117923.61,118019.41,-0.0008123903262460264,-0.0008123903262460264,10583.236983987907
1126,-1,118019.41,118002.85,0.00014031590227403523,0.00014031590227403523,10584.721980434297
1128,1,118002.85,117930.25,-0.0006152393776930332,-0.0006152393776930332,10578.209842670001
1130,-1,117930.25,117931.16,-7.716425599157972e-06,-7.716425599157972e-06,10578.128216700778
1132,-1,117931.16,117991.93,-0.000515300621142023,-0.000515300621142023,10572.677300660192
1134,1,117991.93,118118.32,0.0010711749523888425,0.0010711749523888425,10584.00248776435
1136,1,118118.32,117974.64,-0.0012164074124996205,-0.0012164074124996205,10571.12802868432
1138,1,117974.64,117963.08,-9.798716063047497e-05,-9.798716063047497e-05,10570.092193864128
1140,-1,117963.08,117880.0,0.000704288155243149,0.000704288155243149,10577.536584596093
1142,-1,117880.0,118107.3,-0.0019282321004412406,-0.0019282321004412406,10557.140639010084
1144,-1,118107.3,118383.11,-0.002335249387633187,-0.002335249387633187,10532.487082797677
1146,1,118383.11,118475.5,0.0007804322761921778,0.0007804322761921778,10540.70697566567
1148,1,118475.5,118658.12,0.001541415735742735,0.001541415735742735,10556.954587263814
1150,1,118658.12,118572.1,-0.0007249398524095119,-0.0007249398524095119,10549.301430163428
1152,1,118572.1,118076.8,-0.004177205261608807,-0.004177205261608807,10505.234832723052
1154,-1,118076.8,118299.7,-0.001887754410688558,-0.001887754410688558,10485.40352933226
1156,-1,118299.7,118225.22,0.0006295873954033082,0.0006295873954033082,10492.005007230046
1158,1,118225.22,118137.59,-0.000741212407978642,-0.000741212407978642,10484.228202934113
1160,-1,118137.59,118024.85,0.00095431098602905,0.00095431098602905,10494.23341708821
1162,-1,118024.85,117576.27,0.0038007250168079487,0.0038007250168079487,10534.119112568758
1164,-1,117576.27,117232.91,0.00292031716944241,0.00292031716944241,10564.882081478143
1166,-1,117232.91,117213.55,0.0001651413412837588,0.0001651413412837588,10566.626780275583
1168,-1,117213.55,117178.21,0.0003015009783424727,0.0003015009783424727,10569.812628587615
1170,-1,117178.21,118028.63,-0.007257492668645504,-0.007257492668645504,10493.102290926683
1172,1,118028.63,118354.0,0.002756704030200119,0.002756704030200119,10522.028668301382
1174,1,118354.0,118286.37,-0.000571421329232713,-0.000571421329232713,10516.016156693517
1176,1,118286.37,118421.61,0.0011433269953249336,0.0011433269953249336,10528.039401848737
1178,1,118421.61,119128.48,0.005969096349897507,0.005969096349897507,10590.88228341389
1180,1,119128.48,119237.76,0.0009173289208423974,0.0009173289208423974,10600.597606029703
1182,1,119237.76,119050.19,-0.0015730755089662374,-0.0015730755089662374,10583.922065555253
1184,1,119050.19,118648.25,-0.003376223087086183,-0.003376223087086183,10548.188383525605
1186,1,118648.25,118639.75,-7.164033182116558e-05,-7.164033182116558e-05,10547.432707809698
1188,-1,118639.75,118229.59,0.0034571886741163738,0.0034571886741163738,10583.897172708143
1190,-1,118229.59,118222.94,5.624649463809028e-05,5.624649463809028e-05,10584.492479823717
1192,-1,118222.94,118804.18,-0.004916473909378327,-0.004916473909378327,10532.454098702652
1194,-1,118804.18,118881.53,-0.000651071368027667,-0.000651071368027667,10525.59671940392
1196,1,118881.53,118310.81,-0.00480074575083278,-0.00480074575083278,10475.066005678262
1198,1,118310.81,117781.52,-0.004473724759385789,-0.004473724759385789,10428.203443532459
1200,-1,117781.52,117921.53,-0.0011887263808447734,-0.0011887263808447734,10415.807162994315
1202,-1,117921.53,117189.99,0.0062036169306826094,0.0062036169306826094,10480.422840657393
1204,-1,117189.99,116789.34,0.0034188073571813637,0.0034188073571813637,10516.253387371406
1206,-1,116789.34,116900.01,-0.0009476036083431172,-0.0009476036083431172,10506.288147715282
1208,-1,116900.01,117263.29,-0.003107613078903837,-0.003107613078903837,10473.63866925671
1210,-1,117263.29,117457.45,-0.001655761150825663,-0.001655761150825663,10456.29682524037
1212,-1,117457.45,117480.91,-0.00019973190291477927,-0.00019973190291477927,10454.208369178023
1214,-1,117480.91,117096.42,0.0032727870425927064,0.0032727870425927064,10488.422766869235
1216,-1,117096.42,117784.77,-0.005878488855594499,-0.005878488855594499,10426.76669052143
1218,-1,117784.77,116975.25,0.006872874990544231,0.006872874990544231,10498.428554540955
1220,-1,116975.25,117236.82,-0.0022361140497670906,-0.0022361140497670906,10474.95287094967
1222,-1,117236.82,116600.0,0.005431911237442355,0.005431911237442355,10531.85188516106
1224,-1,116600.0,117341.72,-0.006361234991423714,-0.006361234991423714,10464.856300424683
1226,-1,117341.72,117750.0,-0.0034794103921436115,-0.0034794103921436115,10428.444770660695
1228,1,117750.0,117891.63,0.0012028025477708315,0.0012028025477708315,10440.988130600133
1230,1,117891.63,118147.25,0.0021682624966674613,0.0021682624966674613,10463.626933591864
1232,-1,118147.25,118358.7,-0.0017897157995636626,-0.0017897157995636626,10444.900015148074
1234,1,118358.7,118843.91,0.004099487405657687,0.004099487405657687,10487.718751213528
1236,1,118843.91,119171.48,0.002756304466926318,0.002756304466926318,10516.626097255365
1238,1,119171.48,119011.77,-0.0013401696446162514,-0.0013401696446162514,10502.532034196043
1240,1,119011.77,118054.01,-0.008047607392109302,-0.008047607392109302,10418.011779761782
1242,1,118054.01,118956.43,0.0076441283104233815,0.0076441283104233815,10497.648398545783
1244,1,118956.43,119008.28,0.0004358738741572221,0.0004358738741572221,10502.224049222797
1246,1,119008.28,118820.9,-0.0015745122944387235,-0.0015745122944387235,10485.688168338345
1248,1,118820.9,119171.52,0.002950827674256029,0.002950827674256029,10516.629627169097
1250,-1,119171.52,119908.51,-0.0061842795996895905,-0.0061842795996895905,10451.591849108305
1252,1,119908.51,119249.16,-0.00549877569156676,-0.00549877569156676,10394.120889910251
1254,1,119249.16,119823.54,0.004816637702101945,0.004816637702101945,10444.185604468797
1256,1,119823.54,119598.59,-0.0018773439676377235,-0.0018773439676377235,10424.578275627358
1258,1,119598.59,119770.27,0.00143546842818143,0.00143546842818143,10439.542428619128
1260,1,119770.27,119999.61,0.001914832453830062,0.001914832453830062,10459.532403264584
1262,1,119999.61,119536.17,-0.0038620125515408388,-0.0038620125515408388,10419.137557839927
1264,1,119536.17,119789.25,0.002117183443304249,0.002117183443304249,10441.196783370895
1266,1,119789.25,119331.85,-0.0038183726836923393,-0.0038183726836923393,10401.328402788215
1268,1,119331.85,118821.53,-0.004276477738340612,-0.004276477738340612,10356.84735342452
1270,-1,118821.53,118975.95,-0.0012995961253823296,-0.0012995961253823296,10343.387634732833
1272,-1,118975.95,118701.49,0.002306852771505441,0.002306852771505441,10367.248307164771
1274,-1,118701.49,118489.91,0.0017824544578168844,0.0017824544578168844,10385.727455125172
1276,-1,118489.91,118333.75,0.0013179181248429428,0.0013179181248429428,10399.414993577962
1278,-1,118333.75,118335.93,-1.8422470343448794e-05,-1.8422470343448794e-05,10399.223410663653
1280,-1,118335.93,118045.77,0.0024520025321133065,0.0024520025321133065,10424.722332798612
1282,-1,118045.77,118427.3,-0.003232051432253691,-0.003232051432253691,10391.029094052043
1284,-1,118427.3,118508.27,-0.000683710597134235,-0.000683710597134235,10383.92463734531
1286,-1,118508.27,117782.88,0.0061210074199884446,0.0061210074199884446,10447.484717099102
1288,-1,117782.88,117494.54,0.002448063759351249,0.002448063759351249,10473.06082581141
1290,-1,117494.54,118124.96,-0.0053655259214600015,-0.0053655259214600015,10416.867346473491
1292,-1,118124.96,118495.09,-0.003133376722413095,-0.003133376722413095,10384.227376809586
1294,-1,118495.09,117746.17,0.006320261877517441,0.006320261877517441,10449.85841322671
1296,-1,117746.17,118055.91,-0.0026305738861824857,-0.0026305738861824857,10422.369288570571
1298,-1,118055.91,118383.01,-0.0027707210930820736,-0.0027707210930820736,10393.491810142837
1300,-1,118383.01,118462.22,-0.0006690993918807564,-0.0006690993918807564,10386.537531093154
1302,1,118462.22,117937.03,-0.004433396571497661,-0.004433396571497661,10340.489891213074
1304,-1,117937.03,117862.2,0.0006344911348030724,0.0006344911348030724,10347.05084037857
1306,-1,117862.2,118466.1,-0.00512378014325221,-0.00512378014325221,10294.034826741417
1308,1,118466.1,118620.89,0.001306618517871394,0.001306618517871394,10307.48520326965
1310,1,118620.89,119067.93,0.003768644797724763,0.003768644797724763,10346.330453758577
1312,1,119067.93,119041.95,-0.0002181947733532752,-0.0002181947733532752,10344.072938530182
1314,1,119041.95,118871.04,-0.0014357123686230544,-0.0014357123686230544,10329.221825070395
1316,1,118871.04,118454.56,-0.003503628806478032,-0.003503628806478032,10293.032065935577
1318,1,118454.56,118031.92,-0.003567950444457346,-0.003567950444457346,10256.307037601107
1320,-1,118031.92,117611.54,0.003561578935596499,0.003561578935596499,10292.835684703237
1322,-1,117611.54,117520.0,0.0007783249840959128,0.0007783249840959128,10300.846855873837
1324,-1,117520.0,118354.82,-0.007103641933287941,-0.007103641933287941,10227.673328200075
1326,-1,118354.82,118708.32,-0.002986781611429068,-0.002986781611429068,10197.125501575703
1328,1,118708.32,118483.1,-0.0018972553903551237,-0.0018972553903551237,10177.778950251712
1330,1,118483.1,118381.45,-0.0008579282614989969,-0.0008579282614989969,10169.047146051002
1332,-1,118381.45,118570.94,-0.0016006730784257073,-0.0016006730784257073,10152.769826051075
1334,1,118570.94,118463.86,-0.000903088058507473,-0.000903088058507473,10143.600980860394
1336,1,118463.86,118252.56,-0.001783666343473933,-0.001783666343473933,10125.508181189203
1338,1,118252.56,119056.27,0.006796554763803808,0.006796554763803808,10194.326752054
1340,-1,119056.27,118919.94,0.001145088788687909,0.001145088788687909,10206.000161325997
1342,1,118919.94,118497.78,-0.00354995133700875,-0.00354995133700875,10169.769357407788
1344,1,118497.78,119076.22,0.004881441660763652,0.004881441660763652,10219.412493229396
1346,1,119076.22,118979.76,-0.0008100693824510952,-0.0008100693824510952,10211.134060061993
1348,1,118979.76,118969.58,-8.556077100840831e-05,-8.556077100840831e-05,10210.260387558945
1350,1,118969.58,118810.34,-0.0013384934199146548,-0.0013384934199146548,10196.594021214582
1352,-1,118810.34,118596.07,0.0018034625605817256,0.0018034625605817256,10214.983196777292
1354,-1,118596.07,118293.69,0.0025496629019832184,0.0025496629019832184,10241.027960478497
1356,-1,118293.69,118322.03,-0.00023957321814882526,-0.00023957321814882526,10238.574484452853
1358,-1,118322.03,117636.37,0.005794863391035521,0.005794863391035521,10297.905624909197
1360,-1,117636.37,117403.79,0.001977109630295515,0.001977109630295515,10318.265713292081
1362,-1,117403.79,116494.61,0.007744043015987745,0.007744043015987745,10398.170806826207
1364,-1,116494.61,115530.13,0.0082791813286468,0.0082791813286468,10484.259148422161
1366,-1,115530.13,115988.0,-0.00396320855866783,-0.00396320855866783,10442.707842833843
1368,-1,115988.0,115566.97,0.0036299444770148126,0.0036299444770148126,10480.614292493017
1370,-1,115566.97,115405.81,0.0013945160974627724,0.0013945160974627724,10495.2296778352
1372,-1,115405.81,115266.58,0.0012064383933529932,0.0012064383933529932,10507.891525865598
1374,-1,115266.58,115354.99,-0.0007670046252781226,-0.0007670046252781226,10499.831924463339
1376,-1,115354.99,116000.0,-0.0055915223086577814,-0.0055915223086577814,10441.121880020544
1378,-1,116000.0,116341.61,-0.0029449137931034652,-0.0029449137931034652,10410.373676180598
1380,-1,116341.61,116486.43,-0.0012447824987120715,-0.0012447824987120715,10397.415025223436
1382,1,116486.43,116140.75,-0.002967555963385493,-0.002967555963385493,10366.56011426154
1384,-1,116140.75,116124.68,0.00013836659398192008,0.00013836659398192008,10367.99449987586
1386,-1,116124.68,114970.07,0.009942847635834084,0.009942847635834084,10471.081889477291
1388,-1,114970.07,115694.15,-0.006297986945645873,-0.006297986945645873,10405.135152430574
1390,-1,115694.15,116134.34,-0.003804773188618382,-0.003804773188618382,10365.545973178656
1392,-1,116134.34,116191.84,-0.0004951162593251901,-0.0004951162593251901,10360.413822830553
1394,1,116191.84,116521.28,0.0028353109822514266,0.0028353109822514266,10389.788817923094
1396,1,116521.28,116665.61,0.0012386578657563874,0.0012386578657563874,10402.658211565962
1398,1,116665.61,117056.45,0.003350087485078035,0.003350087485078035,10437.508026652073
1400,1,117056.45,117249.83,0.0016520234468071493,0.0016520234468071493,10454.75103463834
1402,1,117249.83,117236.37,-0.00011479760780896964,-0.00011479760780896964,10453.550854229326
1404,1,117236.37,117577.4,0.0029089095815573174,0.0029089095815573174,10483.95928847049
1406,1,117577.4,117557.94,-0.00016550799728509702,-0.00016550799728509702,10482.224109365037
1408,1,117557.94,117198.34,-0.003058917160338126,-0.003058917160338126,10450.15985415839
1410,1,117198.34,117532.65,0.0028525148052438443,0.0028525148052438443,10479.969089859542
1412,1,117532.65,117559.57,0.0002290427383371263,0.0002290427383371263,10482.369450677572
1414,1,117559.57,117415.5,-0.0012255063539277078,-0.0012255063539277078,10469.52324031155
1416,1,117415.5,117373.06,-0.000361451426770798,-0.000361451426770798,10465.73901619873
1418,1,117373.06,117380.25,6.12576684972943e-05,6.12576684972943e-05,10466.380122969964
1420,1,117380.25,117308.0,-0.000615520924516666,-0.000615520924516666,10459.93784700033
1422,1,117308.0,117591.6,0.002417567429331413,0.002417567429331413,10485.22545205207
1424,1,117591.6,117595.22,3.0784511818815474e-05,3.0784511818815474e-05,10485.54823459892
1426,1,117595.22,117929.68,0.0028441632236411163,0.0028441632236411163,10515.370845267482
1428,1,117929.68,117821.62,-0.000916308769768559,-0.000916308769768559,10505.735518744596
1430,1,117821.62,117844.65,0.00019546497493405646,0.00019546497493405646,10507.78902207443
1432,1,117844.65,118081.76,0.0020120557021467977,0.0020120557021467977,10528.931278893251
1434,1,118081.76,118008.99,-0.0006162679147058148,-0.0006162679147058148,10522.442636369928
1436,1,118008.99,118037.34,0.00024023593456723447,0.00024023593456723447,10524.970505210606
1438,-1,118037.34,117965.38,0.0006096375943408505,0.0006096375943408505,10531.38692290991
1440,1,117965.38,118055.44,0.000763444325784457,0.000763444325784457,10539.427050498845
1442,1,118055.44,117996.77,-0.0004969698982105752,-0.0004969698982105752,10534.18927251036
1444,1,117996.77,118249.99,0.0021459909453453996,0.0021459909453453996,10556.795547305723
1446,1,118249.99,117984.03,-0.0022491333825905846,-0.0022491333825905846,10533.051906027094
1448,-1,117984.03,117964.48,0.00016570039182428609,0.00016570039182428609,10534.797236855029
1450,-1,117964.48,117936.92,0.000233629648517919,0.000233629648517919,10537.258477830683
1452,1,117936.92,117850.0,-0.0007370041544242367,-0.0007370041544242367,10529.49247455628
1454,-1,117850.0,117957.76,-0.0009143826898598828,-0.0009143826898598828,10519.864488904535
1456,-1,117957.76,118033.18,-0.0006393814192469094,-0.0006393814192469094,10513.138283017335
1458,1,118033.18,118218.4,0.0015692197736263402,0.0015692197736263402,10529.635707493913
1460,1,118218.4,118091.8,-0.0010708992847136,-0.0010708992847136,10518.359528146464
1462,1,118091.8,118108.22,0.0001390443705659994,0.0001390443705659994,10519.822046826443
1464,1,118108.22,118143.4,0.0002978624180434153,0.0002978624180434153,10522.955506458697
1466,1,118143.4,118264.82,0.0010277340926367895,0.0010277340926367895,10533.770306587985
1468,1,118264.82,118047.65,-0.0018363026299791363,-0.0018363026299791363,10514.4271164704
1470,1,118047.65,118007.27,-0.00034206525924052045,-0.00034206525924052045,10510.83049623304
1472,-1,118007.27,117959.6,0.0004039581629166067,0.0004039581629166067,10515.076432011025
1474,-1,117959.6,118100.5,-0.0011944767530578382,-0.0011944767530578382,10502.516417656361
1476,-1,118100.5,118000.0,0.0008509701483059295,0.0008509701483059295,10511.45374560988
1478,1,118000.0,118116.75,0.000989406779660973,0.000989406779660973,10521.85384920988
1480,-1,118116.75,118231.92,-0.0009750522258697991,-0.0009750522258697991,10511.594492193932
1482,1,118231.92,118291.04,0.0005000341701293376,0.0005000341701293376,10516.850648622572
1484,1,118291.04,118462.2,0.0014469396836818138,0.0014469396836818138,10532.06789717342
1486,1,118462.2,119037.21,0.004853953412987444,0.004853953412987444,10583.19006408872
1488,1,119037.21,119224.47,0.0015731215474554805,0.0015731215474554805,10599.838708419355
1490,1,119224.47,119080.52,-0.0012073863695933884,-0.0012073863695933884,10587.04060764292
1492,1,119080.52,119014.79,-0.0005519794505433051,-0.0005519794505433051,10581.196778785434
1494,1,119014.79,118774.99,-0.0020148756301632265,-0.0020148756301632265,10559.876983257896
1496,1,118774.99,119257.42,0.004061713665477917,0.004061713665477917,10602.768179906561
1498,1,119257.42,119455.32,0.0016594355303007902,0.0016594355303007902,10620.362790143841
1500,1,119455.32,119395.67,-0.0004993498824498177,-0.0004993498824498177,10615.059513233009
1502,1,119395.67,119188.25,-0.0017372489303841832,-0.0017372489303841832,10596.61851244768
1504,1,119188.25,119052.07,-0.0011425622911653832,-0.0011425622911653832,10584.511215721492
1506,1,119052.07,119340.62,0.0024237293816058436,0.0024237293816058436,10610.165206544973
1508,1,119340.62,119464.28,0.0010361937117471243,0.0010361937117471243,10621.159393012593
1510,1,119464.28,119172.95,-0.0024386368879467657,-0.0024386368879467657,10595.25824192403
1512,-1,119172.95,119616.85,-0.0037248385644561566,-0.0037248385644561566,10555.79261542414
1514,1,119616.85,119469.9,-0.0012285058501374513,-0.0012285058501374513,10542.824762443253
1516,1,119469.9,118935.85,-0.004470163614433309,-0.004470163614433309,10495.696610796833
1518,-1,118935.85,118941.95,-5.1288152394635134e-05,-5.1288152394635134e-05,10495.15830590957
1520,-1,118941.95,119015.63,-0.0006194618467243451,-0.0006194618467243451,10488.656955763727
1522,-1,119015.63,118803.78,0.001780018305158837,0.001780018305158837,10507.326957141519
1524,-1,118803.78,118847.34,-0.00036665500037114107,-0.00036665500037114107,10503.474393172148
1526,-1,118847.34,118862.77,-0.00012983041942726814,-0.00012983041942726814,10502.110722686239
1528,-1,118862.77,118268.71,0.004997864343898373,0.004997864343898373,10554.598847402825
1530,-1,118268.71,117947.07,0.002719569698528046,0.002719569698528046,10583.302814608342
1532,-1,117947.07,118101.23,-0.0013070269570918391,-0.0013070269570918391,10569.470152534583
1534,-1,118101.23,117974.78,0.0010706916430929247,0.0010706916430929247,10580.78679589882
1536,-1,117974.78,117773.18,0.0017088398045752573,0.0017088398045752573,10598.867665539377
1538,-1,117773.18,117765.41,6.597427359933405e-05,6.597427359933405e-05,10599.566918134587
1540,-1,117765.41,117925.09,-0.0013559159688740774,-0.0013559159688740774,10585.19479608714
1542,-1,117925.09,117942.33,-0.00014619450364627973,-0.00014619450364627973,10583.647298787928
1544,-1,117942.33,118164.36,-0.0018825302162506219,-0.0018825302162506219,10563.723262949821
1546,-1,118164.36,117827.04,0.002854667854165216,0.002854667854165216,10593.879184168862
1548,-1,117827.04,118080.54,-0.0021514586125561674,-0.0021514586125561674,10571.086891557703
1550,-1,118080.54,117849.5,0.0019566306183896875,0.0019566306183896875,10591.770603839384
1552,1,117849.5,118006.32,0.0013306802319907884,0.0013306802319907884,10605.864863603694
1554,-1,118006.32,118068.9,-0.0005303105799756569,-0.0005303105799756569,10600.240461256733
1556,-1,118068.9,118698.31,-0.005330870364676832,-0.005330870364676832,10543.731953523371
1558,1,118698.31,118571.7,-0.0010666537712289426,-0.0010666537712289426,10532.485442072319
1560,1,118571.7,118790.17,0.0018425138544864161,0.0018425138544864161,10551.891692421514
1562,1,118790.17,118963.77,0.0014614003835502487,0.0014614003835502487,10567.312230988
1564,1,118963.77,118905.31,-0.0004914101158698392,-0.0004914101158698392,10562.119346860138
1566,1,118905.31,118932.41,0.00022791244562592183,0.00022791244562592183,10564.526585311474
1568,1,118932.41,118816.71,-0.0009728214537988444,-0.0009728214537988444,10554.249187200056
1570,1,118816.71,118381.27,-0.003664804386521059,-0.003664804386521059,10515.569928482368
1572,-1,118381.27,118610.11,-0.0019330760685367654,-0.0019330760685367654,10495.242531906593
1574,-1,118610.11,118905.95,-0.0024942224570907445,-0.0024942224570907445,10469.065062290898
1576,1,118905.95,118581.84,-0.0027257677180998474,-0.0027257677180998474,10440.528822705419
1578,1,118581.84,117748.11,-0.007030840472706412,-0.007030840472706412,10367.123130102284
1580,-1,117748.11,117479.68,0.0022796968885531177,0.0022796968885531177,10390.757028445227
1582,-1,117479.68,117649.26,-0.001443483673091439,-0.001443483673091439,10375.758140323605
1584,-1,117649.26,117851.91,-0.001722492772160411,-0.001722492772160411,10357.885971921214
1586,-1,117851.91,117616.49,0.001997591723375547,0.001997591723375547,10378.57679921039
1588,-1,117616.49,117675.88,-0.0005049462026964768,-0.0005049462026964768,10373.336176266235
1590,-1,117675.88,117431.07,0.002080375349646779,0.002080375349646779,10394.916609140939
1592,-1,117431.07,117659.75,-0.001947355159073183,-0.001947355159073183,10374.674014653992
1594,-1,117659.75,117878.03,-0.001855179872471302,-0.001855179872471302,10355.427128238554
1596,-1,117878.03,117875.98,1.739085731244927e-05,1.739085731244927e-05,10355.607217994151
1598,1,117875.98,117718.46,-0.0013363197489427714,-0.0013363197489427714,10341.768815556452
1600,-1,117718.46,117853.47,-0.0011468889416323957,-0.0011468889416323957,10329.907955264971
1602,-1,117853.47,118054.09,-0.00170228335236966,-0.00170228335236966,10312.323524921212
1604,1,118054.09,118078.39,0.0002058378494129709,0.0002058378494129709,10314.446191418032
1606,1,118078.39,117962.86,-0.0009784178120991749,-0.0009784178120991749,10304.35435354241
1608,1,117962.86,117966.61,3.178966667993777e-05,3.178966667993777e-05,10304.68192553266
1610,1,117966.61,118278.7,0.0026455791176842602,0.0026455791176842602,10331.943776849228
1612,1,118278.7,118157.76,-0.001022500247297331,-0.001022500247297331,10321.379361782338
1614,1,118157.76,118460.76,0.002564368180304033,0.002564368180304033,10347.847178594538
1616,1,118460.76,118128.37,-0.002805908049213879,-0.002805908049213879,10318.812070904085
1618,1,118128.37,117985.05,-0.0012132563921773976,-0.0012132563921773976,10306.292706199383
1620,1,117985.05,117612.09,-0.0031610784586691976,-0.0031610784586691976,10273.713706337077
1622,-1,117612.09,117721.3,-0.0009285610008291645,-0.0009285610008291645,10264.173936455689
1624,-1,117721.3,117637.66,0.000710491644247857,0.000710491644247857,10271.466546272646
1626,-1,117637.66,118637.34,-0.00849795890193672,-0.00849795890193672,10184.180045699803
1628,-1,118637.34,117992.23,0.0054376640609102855,0.0054376640609102855,10239.558195524145
1630,1,117992.23,117727.69,-0.0022420120375722385,-0.0022420120375722385,10216.600982790358
1632,-1,117727.69,117837.94,-0.0009364831672140639,-0.0009364831672140639,10207.033307943831
1634,-1,117837.94,116598.32,0.010519701888882294,0.010519701888882294,10314.408255513292
1636,-1,116598.32,116929.35,-0.00283906320434113,-0.00283906320434113,10285.124998560512
1638,-1,116929.35,117062.94,-0.001142484756821105,-0.001142484756821105,10273.374400027657
1640,-1,117062.94,117262.8,-0.0017072866955161192,-0.0017072866955161192,10255.834804596434
1642,-1,117262.8,117475.61,-0.0018148125407204674,-0.0018148125407204674,10237.222386977495
1644,-1,117475.61,117880.12,-0.0034433530500501686,-0.0034433530500501686,10201.972016047255
1646,1,117880.12,118293.05,0.0035029655551759298,0.0035029655551759298,10237.709172614337
1648,1,118293.05,118056.6,-0.00199884946748774,-0.00199884946748774,10217.245533086363
1650,1,118056.6,118393.64,0.0028549018013392935,0.0028549018013392935,10246.414765763497
1652,1,118393.64,118375.0,-0.00015744088956126667,-0.00015744088956126667,10244.80156110796
1654,1,118375.0,118432.49,0.0004856599788807259,0.0004856599788807259,10249.777051217765
1656,1,118432.49,118269.07,-0.001379857841374399,-0.001379857841374399,10235.633815981302
1658,1,118269.07,118658.97,0.0032967199285494075,0.0032967199285494075,10269.377833963781
1660,1,118658.97,118687.53,0.00024068976833357958,0.00024068976833357958,10271.849568135567
1662,1,118687.53,118606.52,-0.00068254853732308,-0.00068254853732308,10264.838532237234
1664,1,118606.52,118536.03,-0.0005943180863918762,-0.0005943180863918762,10258.737953043634
1666,1,118536.03,118484.32,-0.0004362386693732567,-0.0004362386693732567,10254.262694849549
1668,1,118484.32,118374.9,-0.0009234977252687848,-0.0009234977252687848,10244.792906576547
1670,-1,118374.9,118571.83,-0.0016636128098101999,-0.0016636128098101999,10227.749537863314
1672,1,118571.83,118749.95,0.0015022117816685387,0.0015022117816685387,10243.113783719047
1674,-1,118749.95,117917.72,0.0070082555824233506,0.0070082555824233506,10314.900143075194
1676,-1,117917.72,118283.68,-0.0031035199798639113,-0.0031035199798639113,10282.88764439086
1678,-1,118283.68,118580.71,-0.0025111663756149927,-0.0025111663756149927,10257.065602694038
1680,1,118580.71,117750.0,-0.007005439586253215,-0.007005439586253215,10185.210349282128
1682,-1,117750.0,117594.33,0.0013220382165605171,0.0013220382165605171,10198.675586607587
1684,-1,117594.33,116779.84,0.006926269319277645,0.006926269319277645,10269.314360420372
1686,-1,116779.84,116563.6,0.0018516894696891661,0.0018516894696891661,10288.32994168249
1688,-1,116563.6,116338.97,0.0019271024573709328,0.0019271024573709328,10308.156607595349
1690,-1,116338.97,115747.91,0.005080498821675938,0.005080498821675938,10360.527185093888
1692,-1,115747.91,115660.09,0.000758717803198361,0.000758717803198361,10368.38790151974
1694,-1,115660.09,115312.36,0.0030064821841310208,0.0030064821841310208,10399.560275023818
1696,-1,115312.36,115347.12,-0.0003014421003957324,-0.0003014421003957324,10396.425409731322
1698,-1,115347.12,115987.78,-0.005554191556754962,-0.005554191556754962,10338.68167150016
1700,-1,115987.78,115677.49,0.0026751956111238373,0.0026751956111238373,10366.339667332562
1702,-1,115677.49,115554.64,0.0010620043709455018,0.0010620043709455018,10377.348765369976
1704,-1,115554.64,115628.39,-0.0006382262105615322,-0.0006382262105615322,10370.725669391779
1706,-1,115628.39,115063.27,0.004887381031596139,0.004887381031596139,10421.411357312252
1708,-1,115063.27,115007.16,0.00048764475405571606,0.00048764475405571606,10426.493303890502
1710,-1,115007.16,114649.57,0.0031092846741019864,0.0031092846741019864,10458.912239724914
1712,-1,114649.57,115069.5,-0.0036627263407964517,-0.0036627263407964517,10420.604106368395
1714,-1,115069.5,114763.92,0.002655612477676539,0.002655612477676539,10448.277192658194
1716,-1,114763.92,115287.45,-0.00456179956209235,-0.00456179956209235,10400.614246336107
1718,-1,115287.45,115799.92,-0.004445149927420511,-0.004445149927420511,10354.381956673877
1720,-1,115799.92,114392.07,0.012157607708191742,0.012157607708191742,10480.266470563896
1722,1,114392.07,115618.69,0.01072294609232971,0.01072294609232971,10592.645802961004
1724,1,115618.69,115333.12,-0.0024699293859842264,-0.0024699293859842264,10566.482715816948
1726,-1,115333.12,114948.75,0.003332694025792393,0.003332694025792393,10601.697569637588
1728,1,114948.75,114394.25,-0.004823888907012908,-0.004823888907012908,10550.556158335909
1730,-1,114394.25,113884.53,0.004455818364996533,0.004455818364996533,10597.567520227149
1732,-1,113884.53,113370.14,0.004516767992983728,0.004516767992983728,10645.434274005993
1734,-1,113370.14,113943.0,-0.005053006020809381,-0.005053006020809381,10591.64283052531
1736,-1,113943.0,114112.77,-0.0014899555040679413,-0.0014899555040679413,10575.861753992847
1738,-1,114112.77,113090.94,0.008954563104550006,0.008954563104550006,10670.563975453973
1740,-1,113090.94,113343.12,-0.002229886850352303,-0.002229886850352303,10646.769825159266
1742,-1,113343.12,113867.11,-0.004623041963199848,-0.004623041963199848,10597.549361485026
1744,-1,113867.11,113665.92,0.0017668842214402236,0.0017668842214402236,10616.274004237768
1746,-1,113665.92,113688.34,-0.0001972446974431996,-0.0001972446974431996,10614.180000483828
1748,-1,113688.34,113894.0,-0.0018089805867513853,-0.0018089805867513853,10594.979154918668
1750,-1,113894.0,114037.25,-0.0012577484327531696,-0.0012577484327531696,10581.653336491518
1752,1,114037.25,113895.21,-0.001245557920767082,-0.001245557920767082,10568.47327436344
1754,-1,113895.21,113730.61,0.0014451880812196283,0.0014451880812196283,10583.746705976238
1756,-1,113730.61,114023.4,-0.0025744168610366547,-0.0025744168610366547,10556.499730003432
1758,-1,114023.4,113761.05,0.0023008435110687397,0.0023008435110687397,10580.78858390681
1760,-1,113761.05,113619.46,0.001244626346187827,0.001244626346187827,10593.957712141782
1762,-1,113619.46,113571.84,0.0004191183446921043,0.0004191183446921043,10598.397834161835
1764,-1,113571.84,113787.06,-0.0018950120029754824,-0.0018950120029754824,10578.313743053788
1766,-1,113787.06,113670.71,0.0010225240022898596,0.0010225240022898596,10589.130322759813
1768,-1,113670.71,113545.49,0.0011016030426835854,0.0011016030426835854,10600.795340942737
1770,-1,113545.49,113174.4,0.00326820554475582,0.00326820554475582,10635.440919054827
1772,-1,113174.4,112875.57,0.002640438120281474,0.002640438120281474,10663.5231426835
1774,-1,112875.57,113156.49,-0.0024887581963040084,-0.0024887581963040084,10636.984212060668
1776,-1,113156.49,112705.48,0.003985719245975239,0.003985719245975239,10679.380244753815
1778,-1,112705.48,112279.82,0.0037767462593654155,0.0037767462593654155,10719.71355414553
1780,-1,112279.82,112255.92,0.00021286104662443517,0.00021286104662443517,10721.995363592181
1782,-1,112255.92,112594.41,-0.0030153420861902536,-0.0030153420861902536,10689.664879724405
1784,-1,112594.41,112772.2,-0.0015790304332159444,-0.0015790304332159444,10672.78557355844
1786,-1,112772.2,112973.01,-0.0017806693493609416,-0.0017806693493609416,10653.780871415303
1788,-1,112973.01,112784.96,0.0016645568707073233,0.0016645568707073233,10671.514695563827
1790,-1,112784.96,112862.35,-0.0006861730500236085,-0.0006861730500236085,10664.192189776799
1792,-1,112862.35,113070.64,-0.0018455224439326567,-0.0018455224439326567,10644.511183744155
1794,1,113070.64,113470.16,0.0035333663982091146,0.0035333663982091146,10682.122141886157
1796,1,113470.16,113623.87,0.0013546292699331275,0.0013546292699331275,10696.592457204557
1798,1,113623.87,113440.01,-0.0016181459054334102,-0.0016181459054334102,10679.28380991784
1800,1,113440.01,113514.4,0.0006557651043930246,0.0006557651043930246,10686.286911580295
1802,1,113514.4,113503.72,-9.40849795267873e-05,-9.40849795267873e-05,10685.281492495002
1804,1,113503.72,113743.91,0.0021161420964881383,0.0021161420964881383,10707.893066474096
1806,1,113743.91,113558.47,-0.001630329043550538,-0.001630329043550538,10690.43567741259
1808,1,113558.47,113721.51,0.0014357361454411244,0.0014357361454411244,10705.784322325164
1810,1,113721.51,113915.05,0.001701876804133251,0.001701876804133251,10724.004248333382
1812,1,113915.05,114090.29,0.0015383393151298108,0.0015383393151298108,10740.501405684212
1814,1,114090.29,113976.53,-0.0009971050121793112,-0.0009971050121793112,10729.791997899285
1816,1,113976.53,113963.32,-0.00011590105436609655,-0.00011590105436609655,10728.5484036936
1818,1,113963.32,113751.77,-0.0018562990267395607,-0.0018562990267395607,10708.633009733494
1820,-1,113751.77,113992.55,-0.0021167143157421187,-0.0021167143157421187,10685.965892939763
1822,1,113992.55,113991.2,-1.1842879205747892e-05,-1.1842879205747892e-05,10685.839340336495
1824,1,113991.2,114044.09,0.00046398318466689403,0.00046398318466689403,10690.797390104464
1826,1,114044.09,114397.8,0.0031015197718706755,0.0031015197718706755,10723.955109586937
1828,1,114397.8,114304.04,-0.0008195961810455454,-0.0008195961810455454,10715.165796933416
1830,1,114304.04,114398.23,0.0008240303667306215,0.0008240303667306215,10723.995418934643
1832,1,114398.23,114496.16,0.0008560447132792692,0.0008560447132792692,10733.175638518253
1834,1,114496.16,114386.16,-0.000960730910102181,-0.000960730910102181,10722.863944918772
1836,-1,114386.16,114126.62,0.002268980792781261,0.002268980792781261,10747.193917253398
1838,1,114126.62,114845.2,0.006296339977474252,0.006296339977474252,10814.861903960269
1840,1,114845.2,114691.04,-0.0013423286301909032,-0.0013423286301909032,10800.344805195022
1842,1,114691.04,114872.85,0.0015852153751505504,0.0015852153751505504,10817.465677837145
1844,1,114872.85,114651.07,-0.0019306563735469462,-0.0019306563735469462,10796.580868780602
1846,1,114651.07,114394.24,-0.002240101204463274,-0.002240101204463274,10772.39543497236
1848,1,114394.24,114382.02,-0.00010682356034708018,-0.00010682356034708018,10771.244689338531
1850,-1,114382.02,114437.75,-0.0004872269260500772,-0.0004872269260500772,10765.996648898812
1852,-1,114437.75,114670.73,-0.002035866661132424,-0.002035866661132424,10744.078515247456
1854,1,114670.73,114639.16,-0.00027531001154346146,-0.00027531001154346146,10741.1205628674
1856,1,114639.16,114443.81,-0.0017040424929841702,-0.0017040424929841702,10722.817237006007
1858,1,114443.81,114412.64,-0.00027236073318426257,-0.00027236073318426257,10719.896762641536
1860,-1,114412.64,114417.0,-3.810767761325273e-05,-3.810767761325273e-05,10719.488252271658
1862,-1,114417.0,114349.35,0.0005912582920369891,0.0005912582920369891,10725.826238587208
1864,-1,114349.35,114929.3,-0.005071738492610667,-0.005071738492610667,10671.427652787912
1866,-1,114929.3,114812.62,0.001015232843147973,0.001015232843147973,10682.2616366243
1868,1,114812.62,114883.64,0.0006185731150460949,0.0006185731150460949,10688.869396480604
1870,1,114883.64,115319.19,0.00379122736709947,0.00379122736709947,10729.393330659894
1872,1,115319.19,115209.77,-0.000948844680577432,-0.000948844680577432,10719.212802872275
1874,1,115209.77,115015.01,-0.0016904816318964455,-0.0016904816318964455,10701.09217052063
1876,1,115015.01,114787.59,-0.0019773071358251126,-0.0019773071358251126,10679.932824610736
1878,-1,114787.59,115110.83,-0.002815983853306836,-0.002815983853306836,10649.858306222231
1880,-1,115110.83,115232.28,-0.0010550701441385257,-0.0010550701441385257,10638.62195868403
1882,1,115232.28,115350.78,0.001028357678942049,0.001028357678942049,10649.562267268604
1884,1,115350.78,115176.19,-0.0015135571688374982,-0.0015135571688374982,10633.443545953998
1886,1,115176.19,115017.14,-0.0013809277768260797,-0.0013809277768260797,10618.759528398079
1888,-1,115017.14,114694.1,0.0028086248710409434,0.0028086248710409434,10648.583640509141
1890,-1,114694.1,114793.38,-0.000865606862079149,-0.000865606862079149,10639.366153438494
1892,-1,114793.38,114236.76,0.004848885885231469,0.004848885885231469,10690.95522580771
1894,-1,114236.76,114377.95,-0.0012359419157195184,-0.0012359419157195184,10677.741826125053
1896,-1,114377.95,114454.48,-0.0006690974965017915,-0.0006690974965017915,10670.5973758009
1898,-1,114454.48,114134.61,0.002794735514066282,0.002794735514066282,10700.418873243354
1900,-1,114134.61,113931.83,0.0017766740518060375,0.0017766740518060375,10719.4300297989
1902,-1,113931.83,114259.31,-0.0028743503900534595,-0.0028743503900534595,10688.618631911597
1904,-1,114259.31,114640.75,-0.003338371288956754,-0.003338371288956754,10652.936054352214
1906,-1,114640.75,114847.92,-0.001807123557722612,-0.001807123557722612,10633.684882649482
1908,1,114847.92,114853.86,5.17205709951174e-05,5.17205709951174e-05,10634.234862903395
1910,1,114853.86,113922.22,-0.008111525376683026,-0.008111525376683026,10547.974996951347
1912,-1,113922.22,114312.43,-0.003425231706334353,-0.003425231706334353,10511.845738554168
1914,-1,114312.43,112850.0,0.012793271912774462,0.012793271912774462,10646.32663939263
1916,-1,112850.0,112868.15,-0.0001608329641116235,-0.0001608329641116235,10644.614359122315
1918,-1,112868.15,113130.0,-0.0023199636035498017,-0.0023199636035498017,10619.919241235328
1920,-1,113130.0,113601.68,-0.004169362680102484,-0.004169362680102484,10575.640946285219
1922,-1,113601.68,113679.09,-0.0006814159790595742,-0.0006814159790595742,10568.434535555623
1924,-1,113679.09,113656.02,0.00020293969629758823,0.00020293969629758823,10570.579290450609
1926,-1,113656.02,113594.44,0.0005418102798250279,0.0005418102798250279,10576.306538973882
1928,1,113594.44,113544.64,-0.00043840173867670806,-0.00043840173867670806,10571.669867798419
1930,1,113544.64,113889.0,0.003032815992018545,0.003032815992018545,10603.731797235818
1932,1,113889.0,114191.49,0.0026560071648711325,0.0026560071648711325,10631.895384863648
1934,1,114191.49,113815.72,-0.0032907005592098804,-0.0032907005592098804,10596.909000775217
1936,1,113815.72,113669.61,-0.0012837418240644327,-0.0012837418240644327,10583.305305485117
1938,-1,113669.61,113467.69,0.0017763762891418455,0.0017763762891418455,10602.10523809053
1940,-1,113467.69,113399.48,0.0006011402893635331,0.0006011402893635331,10608.478590701217
1942,-1,113399.48,113126.13,0.0024105048806219997,0.0024105048806219997,10634.050380120078
1944,-1,113126.13,114112.54,-0.008719559309595226,-0.008719559309595226,10541.326147129397
1946,1,114112.54,113916.95,-0.0017140096960421847,-0.0017140096960421847,10523.258211904074
1948,1,113916.95,114006.97,0.0007902248085118746,0.0007902248085118746,10531.573951609498
1950,1,114006.97,113993.95,-0.0001142035438710387,-0.0001142035438710387,10530.371208541685
1952,1,113993.95,114141.26,0.0012922615630039935,0.0012922615630039935,10543.979202498647
1954,1,114141.26,114125.41,-0.00013886301938481616,-0.00013886301938481616,10542.515033710257
1956,1,114125.41,114066.79,-0.0005136454712408867,-0.0005136454712408867,10537.099918607702
1958,1,114066.79,114004.26,-0.0005481876013166964,-0.0005481876013166964,10531.323611078487
1960,1,114004.26,114378.2,0.0032800528681997676,0.0032800528681997676,10565.866909294946
1962,-1,114378.2,115101.75,-0.006325943230440778,-0.006325943230440778,10499.027835046354
1964,1,115101.75,115274.93,0.0015045818156542712,0.0015045818156542712,10514.824481409012
1966,1,115274.93,114984.79,-0.002516939285931441,-0.002516939285931441,10488.359306587081
1968,1,114984.79,115486.23,0.0043609246057674245,0.0043609246057674245,10534.098250761306
1970,1,115486.23,115444.85,-0.00035831111639883506,-0.00035831111639883506,10530.32376625682
1972,1,115444.85,115108.06,-0.002917323726437382,-0.002917323726437382,10499.603402886452
1974,1,115108.06,115154.47,0.00040318636244940365,0.00040318636244940365,10503.836699789623
1976,1,115154.47,115096.67,-0.0005019344885178745,-0.0005019344885178745,10498.564461888238
1978,1,115096.67,115167.0,0.0006110515621347012,0.0006110515621347012,10504.979626102846
1980,1,115167.0,115054.66,-0.0009754530377624748,-0.0009754530377624748,10494.732511814931
1982,-1,115054.66,114972.15,0.0007171374023443589,0.0007171374023443589,10502.258677026754
1984,-1,114972.15,114840.21,0.0011475822623129295,0.0011475822623129295,10514.310882798733
1986,1,114840.21,114668.78,-0.0014927698233920816,-0.0014927698233920816,10498.615436799128
1988,-1,114668.78,114608.45,0.0005261240243421561,0.0005261240243421561,10504.139010602757
1990,-1,114608.45,114284.47,0.00282684217437712,0.00282684217437712,10533.83255376345
1992,-1,114284.47,114326.77,-0.00037012902977973106,-0.00037012902977973106,10529.933676540464
1994,-1,114326.77,114799.5,-0.004134902088111181,-0.004134902088111181,10486.393431793666
1996,-1,114799.5,114624.61,0.001523438690935075,0.001523438690935075,10502.368809276028
1998,1,114624.61,114776.84,0.0013280743114414406,0.0013280743114414406,10516.316735500912
2000,1,114776.84,114645.73,-0.0011423036215320037,-0.0011423036215320037,10504.303908808772
2002,-1,114645.73,116353.83,-0.014898941286343614,-0.014898941286343614,10347.80090161752
2004,1,116353.83,116463.63,0.0009436732765908395,0.0009436732765908395,10357.56584479986
2006,1,116463.63,116504.28,0.0003490360037721185,0.0003490360037721185,10361.181008191135
2008,1,116504.28,116642.41,0.0011856216784482676,0.0011856216784482676,10373.465449008772
2010,1,116642.41,116497.32,-0.001243887193345894,-0.001243887193345894,10360.562028186134
2012,1,116497.32,116770.2,0.0023423714811636742,0.0023423714811636742,10384.830313209784
2014,1,116770.2,116272.58,-0.004261532480033359,-0.004261532480033359,10340.575021530405
2016,1,116272.58,116547.68,0.002365992050748167,0.002365992050748167,10365.040739831511
2018,1,116547.68,116548.76,9.266593723689098e-06,9.266593723689098e-06,10365.136788452977
2020,1,116548.76,117460.53,0.007823077654365518,0.007823077654365518,10446.224058447166
2022,1,117460.53,117067.13,-0.0033492101559561283,-0.0033492101559561283,10411.23745873922
2024,1,117067.13,117375.66,0.0026354964027903716,0.0026354964027903716,10438.676237610323
2026,1,117375.66,117609.54,0.001992576655159839,0.001992576655159839,10459.476100192158
2028,1,117609.54,117499.31,-0.0009372538996410551,-0.0009372538996410551,10449.67291542905
2030,1,117499.31,117615.68,0.0009903887946234313,0.0009903887946234313,10460.02215439197
2032,1,117615.68,117040.1,-0.004893735257067711,-0.004893735257067711,10408.833575185314
2034,-1,117040.1,116967.12,0.0006235469723625542,0.0006235469723625542,10415.323971846947
2036,-1,116967.12,116807.96,0.0013607242787544438,0.0013607242787544438,10429.496356046531
2038,-1,116807.96,116687.94,0.0010274984684263133,0.0010274984684263133,10440.212647578826
2040,-1,116687.94,116651.24,0.0003145140791755985,0.0003145140791755985,10443.496241446077
2042,-1,116651.24,116653.17,-1.6545044870364123e-05,-1.6545044870364123e-05,10443.32345333216
2044,-1,116653.17,116671.09,-0.00015361777138167554,-0.00015361777138167554,10441.719173257441
2046,-1,116671.09,116765.38,-0.0008081693588359862,-0.0008081693588359862,10433.280495768044
2048,1,116765.38,116744.56,-0.0001783062753704101,-0.0001783062753704101,10431.420176382948
2050,-1,116744.56,116667.85,0.0006570755845067833,0.0006570755845067833,10438.27440789258
2052,-1,116667.85,116852.8,-0.0015852696351221773,-0.0015852696351221773,10421.726928430675
2054,1,116852.8,116429.8,-0.0036199389317157493,-0.0036199389317157493,10384.000913386739
2056,-1,116429.8,116896.42,-0.0040077368508748545,-0.0040077368508748545,10342.38457026664
2058,-1,116896.42,116500.0,0.003391207361183479,0.003391207361183479,10377.45774095352
2060,1,116500.0,115911.74,-0.00504944206008584,-0.00504944206008584,10325.057369359585
2062,-1,115911.74,116336.91,-0.003668049500421544,-0.003668049500421544,10287.184547834082
2064,-1,116336.91,116702.04,-0.003138556800245107,-0.003138556800245107,10254.897634816101
2066,-1,116702.04,116552.13,0.0012845533805577736,0.0012845533805577736,10268.07059824018
2068,1,116552.13,116626.85,0.0006410865249739661,0.0006410865249739661,10274.653319938192
2070,-1,116626.85,116795.0,-0.0014417777724424763,-0.0014417777724424763,10259.839553161954
2072,-1,116795.0,116998.72,-0.0017442527505457939,-0.0017442527505457939,10241.943799801193
2074,-1,116998.72,116716.38,0.0024131887938603214,0.0024131887938603214,10266.65954380622
2076,1,116716.38,116929.14,0.0018228803874829058,0.0018228803874829058,10285.374436133588
2078,1,116929.14,116567.18,-0.003095550005755676,-0.003095550005755676,10253.535545238616
2080,1,116567.18,116690.51,0.0010580165017288756,0.0010580165017288756,10264.383955046542
2082,-1,116690.51,116503.86,0.0015995302445759307,0.0015995302445759307,10280.80214762458
2084,-1,116503.86,116487.37,0.0001415403747138111,0.0001415403747138111,10282.257296212912
2086,-1,116487.37,116407.92,0.0006820481911472553,0.0006820481911472553,10289.270291202707
2088,-1,116407.92,116732.33,-0.002786837871512571,-0.002786837871512571,10260.595763084953
2090,1,116732.33,116552.47,-0.0015407899422550386,-0.0015407899422550386,10244.786340331648
2092,1,116552.47,116613.99,0.0005278309417209304,0.0005278309417209304,10250.193855553394
2094,-1,116613.99,117050.13,-0.003740031534809951,-0.003740031534809951,10211.85780729571
2096,1,117050.13,117413.79,0.003106873952211764,0.003106873952211764,10243.584762320887
2098,1,117413.79,117479.2,0.000557089588880455,0.000557089588880455,10249.29135674479
2100,1,117479.2,117079.75,-0.0034001763716470235,-0.0034001763716470235,10214.44195844746
2102,1,117079.75,117301.24,0.0018917874354873465,0.0018917874354873465,10233.765511404965
2104,1,117301.24,117158.96,-0.0012129454044986776,-0.0012129454044986776,10221.352512557189
2106,-1,117158.96,117039.28,0.0010215181152172237,0.0010215181152172237,10231.793809310786
2108,1,117039.28,116780.44,-0.0022115652112691953,-0.0022115652112691953,10209.165530073235
2110,-1,116780.44,116862.17,-0.0006998603533263648,-0.0006998603533263648,10202.02053987819
2112,-1,116862.17,116827.53,0.0002964175660952195,0.0002964175660952195,10205.044597975873
2114,-1,116827.53,116606.36,0.0018931325518908304,0.0018931325518908304,10224.364100097799
2116,-1,116606.36,116735.71,-0.0011092876923695094,-0.0011092876923695094,10213.022338839255
2118,-1,116735.71,116700.62,0.0003005935373161517,0.0003005935373161517,10216.092307350777
2120,-1,116700.62,116671.52,0.0002493560017075014,0.0002493560017075014,10218.639751281611
2122,-1,116671.52,116794.84,-0.0010569846008690043,-0.0010569846008690043,10207.838806422678
2124,1,116794.84,116469.0,-0.0027898492775879635,-0.0027898492775879635,10179.360474702846
2126,-1,116469.0,116758.96,-0.0024895895045033978,-0.0024895895045033978,10154.018045702469
2128,-1,116758.96,116735.34,0.00020229710850461213,0.00020229710850461213,10156.07217419282
2130,-1,116735.34,116923.31,-0.001610223604951111,-0.001610223604951111,10139.718627044347
2132,1,116923.31,118099.61,0.010060440471622023,0.010060440471622023,10241.728662690724
2134,1,118099.61,118640.99,0.004584096425043205,0.004584096425043205,10288.677734439627
2136,1,118640.99,118099.61,-0.004563178375365906,-0.004563178375365906,10241.728662690723
2138,1,118099.61,117808.11,-0.0024682553989805456,-0.0024682553989805456,10216.449460624142
2140,1,117808.11,117488.98,-0.002708896696500762,-0.002708896696500762,10188.77415443029
2142,1,117488.98,118294.86,0.00685919649655653,0.00685919649655653,10258.660958414564
2144,1,118294.86,118077.49,-0.0018375270066678384,-0.0018375270066678384,10239.810391851228
2146,1,118077.49,118164.12,0.0007336707445253499,0.0007336707445253499,10247.323041165217
2148,1,118164.12,118168.87,4.0198327546425716e-05,4.0198327546425716e-05,10247.7349664133
2150,1,118168.87,118358.13,0.0016016062436750023,0.0016016062436750023,10264.147802719033
2152,1,118358.13,118651.24,0.002476466973582614,0.002476466973582614,10289.566625764437
2154,1,118651.24,118777.67,0.0010655598710977987,0.0010655598710977987,10300.530775051839
2156,1,118777.67,118970.93,0.0016270735063248498,0.0016270735063248498,10317.29049577701
2158,1,118970.93,118575.32,-0.0033252660965160663,-0.0033252660965160663,10282.982759483495
2160,1,118575.32,118722.28,0.0012393810111581693,0.0012393810111581693,10295.727293053666
2162,1,118722.28,118631.87,-0.0007615251324351036,-0.0007615251324351036,10287.886837963308
2164,-1,118631.87,118722.35,-0.0007626955555872783,-0.0007626955555872783,10280.040312395608
2166,-1,118722.35,118763.88,-0.00034980776576598593,-0.00034980776576598593,10276.444274461945
2168,-1,118763.88,118733.85,0.00025285465580948685,0.00025285465580948685,10279.042721241907
2170,-1,118733.85,119000.0,-0.0022415680111442793,-0.0022415680111442793,10256.001547892785
2172,1,119000.0,118980.47,-0.0001641176470588146,-0.0001641176470588146,10254.318357050513
2174,1,118980.47,119298.34,0.002671614929744326,0.002671614929744326,10281.713947067561
2176,1,119298.34,119699.0,0.003358470872268704,0.003358470872268704,10316.244783875787
2178,1,119699.0,121589.36,0.015792613137954437,0.015792613137954437,10479.165246783978
2180,1,121589.36,121198.53,-0.0032143437550785636,-0.0032143437550785636,10445.481607414542
2182,1,121198.53,121776.96,0.004772582637759815,0.004772582637759815,10495.333531577127
2184,1,121776.96,121919.4,0.0011696793876279088,0.0011696793876279088,10507.609706875293
2186,1,121919.4,122040.24,0.000991146609973459,0.000991146609973459,10518.024288615186
2188,1,122040.24,121551.72,-0.004002941980448482,-0.004002941980448482,10475.921247638911
2190,1,121551.72,121799.46,0.0020381447502346717,0.0020381447502346717,10497.272691533659
2192,1,121799.46,121585.11,-0.001759860019083903,-0.001759860019083903,10478.798961014407
2194,1,121585.11,121342.9,-0.0019921024868917447,-0.0019921024868917447,10457.924119544532
2196,-1,121342.9,120611.56,0.0060270522626375556,0.0060270522626375556,10520.954574771724
2198,-1,120611.56,119528.25,0.008981809040526478,0.008981809040526478,10615.451779686377
2200,-1,119528.25,120213.85,-0.0057358825214959275,-0.0057358825214959275,10554.562795365491
2202,-1,120213.85,119870.86,0.002853165421455195,0.002853165421455195,10584.676708971805
2204,-1,119870.86,120036.48,-0.0013816535561685939,-0.0013816535561685939,10570.05235275596
2206,-1,120036.48,120131.32,-0.0007900931450173232,-0.0007900931450173232,10561.701026849572
2208,-1,120131.32,119528.24,0.005020172924096733,0.005020172924096733,10614.72259237697
2210,-1,119528.24,119873.9,-0.002891868900604555,-0.002891868900604555,10584.02620622353
2212,-1,119873.9,119049.85,0.006874307084361098,0.006874307084361098,10656.784052554036
2214,-1,119049.85,119007.05,0.0003595132627214337,0.0003595132627214337,10660.615307758888
2216,-1,119007.05,118675.16,0.00278882637625244,0.00278882637625244,10690.345912916247
2218,-1,118675.16,118831.62,-0.0013183887849823606,-0.0013183887849823606,10676.251880757076
2220,-1,118831.62,118808.69,0.00019296210890662469,0.00019296210890662469,10678.311992835204
2222,-1,118808.69,118992.48,-0.001546940716205203,-0.001546940716205203,10661.793277233146
2224,-1,118992.48,119369.46,-0.003168099362245602,-0.003168099362245602,10628.01565675115
2226,-1,119369.46,119497.69,-0.0010742278636428626,-0.0010742278636428626,10616.598746197435
2228,-1,119497.69,119198.98,0.0024997135927899983,0.0024997135927899983,10643.137202392501
2230,-1,119198.98,119463.02,-0.0022151196260236095,-0.0022151196260236095,10619.56138029302
2232,-1,119463.02,119142.4,0.0026838430838264093,0.0026838430838264093,10648.06261665679
2234,-1,119142.4,119142.42,-1.6786635148591245e-07,-1.6786635148591245e-07,10648.06082920537
2236,-1,119142.42,119435.1,-0.0024565557758522427,-0.0024565557758522427,10621.903273873759
2238,1,119435.1,119252.23,-0.0015311244349442976,-0.0015311244349442976,10605.639818225516
2240,1,119252.23,119010.29,-0.0020288090210137666,-0.0020288090210137666,10584.123000488677
2242,-1,119010.29,118831.67,0.0015008786215040537,0.0015008786215040537,10600.008484427479
2244,-1,118831.67,118481.62,0.002945763532566703,0.002945763532566703,10631.233602865803
2246,-1,118481.62,119299.96,-0.006906894081968318,-0.006906894081968318,10557.804798410147
2248,-1,119299.96,119249.89,0.00041969838045219365,0.00041969838045219365,10562.235891985169
2250,1,119249.89,119482.76,0.0019527900612739124,0.0019527900612739124,10582.861721259867
2252,1,119482.76,119639.77,0.0013140807929110654,0.0013140807929110654,10596.768456581809
2254,1,119639.77,119919.75,0.002340191727215668,0.002340191727215668,10621.566926459122
2256,1,119919.75,119252.34,-0.005565471909339426,-0.005565471909339426,10562.452894096745
2258,1,119252.34,119310.0,0.00048351252478573414,0.00048351252478573414,10567.5599723635
2260,1,119310.0,119929.75,0.005194451429050284,0.005194451429050284,10622.452649363519
2262,1,119929.75,120120.23,0.001588263129040035,0.001588263129040035,10639.323899246476
2264,1,120120.23,119854.75,-0.002210118978293596,-0.002210118978293596,10615.80972758054
2266,1,119854.75,119720.38,-0.001121107006605837,-0.001121107006605837,10603.908268914154
2268,1,119720.38,120266.64,0.004562798748216412,0.004562798748216412,10652.291768289757
2270,1,120266.64,119969.12,-0.0024738364686999192,-0.0024738364686999192,10625.939740438129
2272,1,119969.12,119405.67,-0.004696625264901444,-0.004696625264901444,10576.033683389867
2274,-1,119405.67,119701.51,-0.002477604287970614,-0.002477604287970614,10549.83045698618
2276,-1,119701.51,119688.46,0.00010902118110278636,0.00010902118110278636,10550.980611963034
2278,-1,119688.46,119547.68,0.0011762203306819874,0.0011762203306819874,10563.390889867456
2280,1,119547.68,119324.09,-0.0018702997833165425,-0.0018702997833165425,10543.634182175048
2282,-1,119324.09,119047.45,0.0023183918687332827,0.0023183918687332827,10568.078457929902
2284,-1,119047.45,119627.54,-0.004872762919323259,-0.004872762919323259,10516.582717091602
2286,-1,119627.54,119577.81,0.0004157069517604084,0.0004157069517604084,10520.95453363586
2288,1,119577.81,120147.97,0.0047681087318793836,0.0047681087318793836,10571.119588815396
2290,1,120147.97,120185.21,0.00030995113775134087,0.00030995113775134087,10574.396119359255
2292,1,120185.21,120747.91,0.004681940481694902,0.004681940481694902,10623.904812619961
2294,1,120747.91,120251.55,-0.0041107129721748015,-0.0041107129721748015,10580.232989291575
2296,1,120251.55,121941.68,0.014054953969408146,0.014054953969408146,10728.937676941681
2298,1,121941.68,120999.65,-0.0077252502999795025,-0.0077252502999795025,10646.053947934426
2300,1,120999.65,121250.59,0.0020738902963768346,0.0020738902963768346,10668.132695911752
2302,1,121250.59,121400.0,0.0012322414266190407,0.0012322414266190407,10681.278410964323
2304,1,121400.0,121768.71,0.003037149917627824,0.003037149917627824,10713.719054810344
2306,1,121768.71,121804.95,0.00029761340166944983,0.00029761340166944983,10716.907601182776
2308,1,121804.95,122297.84,0.004046551474303772,0.004046551474303772,10760.27411943632
2310,1,122297.84,122961.75,0.005428632263660527,0.005428632263660527,10818.687690686924
2312,1,122961.75,122635.1,-0.0026565171689569844,-0.0026565171689569844,10789.94766109103
2314,1,122635.1,122948.33,0.0025541627152421142,0.0025541627152421142,10817.506943106402
2316,1,122948.33,123109.9,0.0013141292769083268,0.0013141292769083268,10831.722545683497
2318,1,123109.9,123545.59,0.0035390330103428624,0.0035390330103428624,10870.056369331545
2320,1,123545.59,123367.47,-0.0014417349902978716,-0.0014417349902978716,10854.38462871737
2322,1,123367.47,123708.05,0.0027606953437564474,0.0027606953437564474,10884.350277821211
2324,1,123708.05,123496.53,-0.0017098321410773387,-0.0017098321410773387,10865.739865881449
2326,1,123496.53,123071.29,-0.0034433356143691585,-0.0034433356143691585,10828.325476824788
2328,1,123071.29,122466.16,-0.004916906290654666,-0.004916906290654666,10775.083615170532
2330,-1,122466.16,122059.59,0.0033198558687559387,0.0033198558687559387,10810.855339746691
2332,-1,122059.59,121651.54,0.003343039248288493,0.003343039248288493,10846.996453455034
2334,-1,121651.54,121806.46,-0.0012734733978707613,-0.0012734733978707613,10833.183092024761
2336,-1,121806.46,121851.13,-0.0003667293179687725,-0.0003667293179687725,10829.210246177992
2338,-1,121851.13,121219.03,0.005187477539190688,0.005187477539190688,10885.386531097214
2340,-1,121219.03,121057.48,0.0013327115387741229,0.0013327115387741229,10899.893611331225
2342,-1,121057.48,119616.15,0.011906162262753206,0.011906162262753206,11029.669513314482
2344,-1,119616.15,118322.13,0.010818104411486118,0.010818104411486118,11148.989629733704
2346,-1,118322.13,119100.0,-0.006574171712426136,-0.006574171712426136,11075.694257487776
2348,-1,119100.0,118726.16,0.003138874895046162,0.003138874895046162,11110.45947613781
2350,-1,118726.16,118000.01,0.006116175238885968,0.006116175238885968,11178.41299327841
2352,-1,118000.01,118360.02,-0.0030509319448364103,-0.0030509319448364103,11144.308415984644
2354,-1,118360.02,118290.46,0.0005876984474993963,0.0005876984474993963,11150.857908739172
2356,-1,118290.46,118133.27,0.001328847651788645,0.001328847651788645,11165.67570008663
2358,-1,118133.27,118364.99,-0.0019615134669512813,-0.0019615134669512813,11143.774076833299
2360,-1,118364.99,117750.12,0.005194694816431866,0.005194694816431866,11201.662582265713
2362,-1,117750.12,118004.81,-0.0021629701948500113,-0.0021629701948500113,11177.433719967506
2364,-1,118004.81,118094.4,-0.0007592063408261573,-0.0007592063408261573,11168.947741413143
2366,-1,118094.4,118543.58,-0.0038035673156391336,-0.0038035673156391336,11126.465896833823
2368,-1,118543.58,117942.43,0.005071130802697277,0.005071130802697277,11182.889660768416
2370,-1,117942.43,118581.76,-0.005420695503730144,-0.005420695503730144,11122.270621065578
2372,1,118581.76,117958.57,-0.005255361364175926,-0.005255361364175926,11063.819069761721
2374,1,117958.57,118317.39,0.0030419154793075442,0.0030419154793075442,11097.474272250287
2376,-1,118317.39,117958.0,0.0030375078422537616,0.0030375078422537616,11131.182937381456
2378,-1,117958.0,118328.31,-0.0031393377303785552,-0.0031393377303785552,11096.238394802389
2380,1,118328.31,118610.01,0.0023806644411636935,0.0023806644411636935,11122.65481497957
2382,1,118610.01,118802.64,0.0016240619151790536,0.0016240619151790536,11140.718695060263
2384,1,118802.64,118548.92,-0.002135642776961877,-0.002135642776961877,11116.926099648994
2386,1,118548.92,118770.15,0.0018661494343432672,0.0018661494343432672,11137.67194500149
2388,1,118770.15,118999.99,0.0019351663696645094,0.0019351663696645094,11159.225193185812
2390,1,118999.99,118543.67,-0.0038346221709767425,-0.0038346221709767425,11116.4337808491
2392,1,118543.67,118028.79,-0.0043433782672663845,-0.0043433782672663845,11068.150903955855
2394,-1,118028.79,117286.04,0.00629295615078318,0.00629295615078318,11137.8022922647
2396,-1,117286.04,117140.88,0.0012376579514491448,0.0012376579514491448,11151.587081833388
2398,-1,117140.88,117341.37,-0.001711528887267999,-0.001711528887267999,11132.500818403945
2400,-1,117341.37,117649.35,-0.0026246497718580564,-0.0026246497718580564,11103.281902670711
2402,-1,117649.35,117060.4,0.005005977508588111,0.005005977508588111,11158.864682146992
2404,-1,117060.4,117019.54,0.00034905057560030706,0.00034905057560030706,11162.759690287341
2406,-1,117019.54,117319.37,-0.002562221659733188,-0.002562221659733188,11134.15822562649
2408,-1,117319.37,117318.99,3.2390218255295977e-06,3.2390218255295977e-06,11134.194289407991
2410,-1,117318.99,117724.92,-0.0034600536537179316,-0.0034600536537179316,11095.66937977572
2412,-1,117724.92,117335.65,0.0033066066216057566,0.0033066066216057566,11132.358393618033
2414,-1,117335.65,117752.72,-0.0035545036823847465,-0.0035545036823847465,11092.788384714291
2416,-1,117752.72,117875.18,-0.0010399759767756311,-0.0010399759767756311,11081.252151278733
2418,1,117875.18,117564.96,-0.0026317669249793507,-0.0026317669249793507,11052.088878379642
2420,1,117564.96,117555.37,-8.157192415159109e-05,-8.157192415159109e-05,11051.187338223937
2422,1,117555.37,117887.16,0.002822414662979833,0.002822414662979833,11082.378371410678
2424,1,117887.16,117611.46,-0.0023386770874792573,-0.0023386770874792573,11056.460267038683
2426,-1,117611.46,117448.0,0.001389830548825799,0.001389830548825799,11071.826873279691
2428,-1,117448.0,117685.5,-0.0020221715142019203,-0.0020221715142019203,11049.43774036637
2430,-1,117685.5,117646.79,0.00032892752293189886,0.00032892752293189886,11053.072204552098
2432,-1,117646.79,117288.26,0.0030475119635647863,0.0030475119635647863,11086.756574329616
2434,1,117288.26,117448.96,0.001370128604516907,0.001370128604516907,11101.94685664342
2436,-1,117448.96,117325.72,0.0010493068648713688,0.0010493068648713688,11113.596205693533
2438,-1,117325.72,117686.83,-0.0030778417554138127,-0.0030778417554138127,11079.390315238841
2440,-1,117686.83,117690.0,-2.693589418623077e-05,-2.693589418623077e-05,11079.091881953662
2442,1,117690.0,117804.57,0.0009734896762683132,0.0009734896762683132,11089.877263523173
2444,1,117804.57,117754.07,-0.0004286760691881719,-0.0004286760691881719,11085.123298530067
2446,1,117754.07,117844.34,0.000766597706558958,0.000766597706558958,11093.621128627643
2448,1,117844.34,117779.06,-0.000553951084965143,-0.000553951084965143,11087.475805167247
2450,-1,117779.06,117574.6,0.001735962233014865,0.001735962233014865,11106.723244424484
2452,-1,117574.6,117789.44,-0.0018272654127677868,-0.0018272654127677868,11086.428313190763
2454,-1,117789.44,117698.02,0.0007761306955869074,0.0007761306955869074,11095.032830509055
2456,-1,117698.02,117558.33,0.0011868508917992626,0.0011868508917992626,11108.200980118489
2458,-1,117558.33,117577.98,-0.00016715106449693984,-0.00016715106449693984,11106.344232500016
2460,-1,117577.98,117385.76,0.0016348299230859453,0.0016348299230859453,11124.5012163874
2462,-1,117385.76,117377.31,7.198488130077951e-05,7.198488130077951e-05,11125.302012286991
2464,-1,117377.31,117361.48,0.0001348642254623833,0.0001348642254623833,11126.802417525912
2466,-1,117361.48,117544.18,-0.0015567288347080321,-0.0015567288347080321,11109.481003364452
2468,-1,117544.18,117777.26,-0.0019829139988045696,-0.0019829139988045696,11087.451857963428
2470,1,117777.26,118006.44,0.0019458764790418748,0.0019458764790418748,11109.026669746348
2472,1,118006.44,117973.44,-0.00027964575492656074,-0.00027964575492656074,11105.920077596787
2474,1,117973.44,117851.45,-0.0010340463073722495,-0.0010340463073722495,11094.436041950577
2476,1,117851.45,118004.43,0.0012980748221596006,0.0012980748221596006,11108.837450042693
2478,1,118004.43,118353.15,0.0029551432941967715,0.0029551432941967715,11141.665656539508
2480,1,118353.15,118287.68,-0.0005531749683046483,-0.0005531749683046483,11135.50236599309
2482,1,118287.68,118280.71,-5.892414155039827e-05,-5.892414155039827e-05,11134.846216075442
2484,1,118280.71,118248.02,-0.00027637642689160025,-0.00027637642689160025,11131.768807064256
2486,1,118248.02,118185.58,-0.0005280426682832129,-0.0005280426682832129,11125.890758160662
2488,1,118185.58,118371.82,0.0015758267632988154,0.0015758267632988154,11143.42323458291
2490,1,118371.82,118104.34,-0.0022596594358353927,-0.0022596594358353927,11118.242893123377
2492,1,118104.34,118250.0,0.0012333162354576377,0.0012333162354576377,11131.955202593228
2494,1,118250.0,117785.9,-0.003924735729386897,-0.003924735729386897,11088.265220271676
2496,-1,117785.9,117865.01,-0.0006716423612673772,-0.0006716423612673772,11080.817871636775
2498,-1,117865.01,117433.71,0.0036592708896387993,0.0036592708896387993,11121.365585907844
2500,-1,117433.71,117577.26,-0.0012223917646814186,-0.0012223917646814186,11107.770920203619
2502,-1,117577.26,117529.63,0.00040509533901356143,0.00040509533901356143,11112.270626430223
2504,-1,117529.63,117783.13,-0.002156902901846891,-0.002156902901846891,11088.302537669968
2506,-1,117783.13,117984.02,-0.0017055923034139386,-0.0017055923034139386,11069.390414203794
2508,-1,117984.02,117444.35,0.00457409401713893,0.00457409401713893,11120.022846670778
2510,-1,117444.35,117352.96,0.000778155781866019,0.000778155781866019,11128.675956743396
2512,-1,117352.96,116348.44,0.008559818175868816,0.008559818175868816,11223.935399471284
2514,-1,116348.44,115658.4,0.005930805776166892,0.005930805776166892,11290.502380369791
2516,-1,115658.4,115340.41,0.0027493895817337632,0.0027493895817337632,11321.54436998692
2518,-1,115340.41,115703.39,-0.0031470323367153163,-0.0031470323367153163,11285.915103753014
2520,-1,115703.39,115481.97,0.001913686366492806,0.001913686366492806,11307.512805620461
2522,-1,115481.97,115467.65,0.00012400204118445668,0.00012400204118445668,11308.91496028908
2524,-1,115467.65,115467.27,3.290965045144034e-06,3.290965045144034e-06,11308.952177532912
2526,-1,115467.27,115212.13,0.002209630486630587,0.002209630486630587,11333.940783036236
2528,-1,115212.13,115209.32,2.4389792984469416e-05,2.4389792984469416e-05,11334.21721550563
2530,-1,115209.32,115368.82,-0.0013844366063440194,-0.0013844366063440194,11318.52571028823
2532,-1,115368.82,115340.79,0.00024295992626099938,0.00024295992626099938,11321.275658460185
2534,-1,115340.79,115481.6,-0.0012208170240555205,-0.0012208170240555205,11307.454452402311
2536,-1,115481.6,115477.2,3.8101307914040206e-05,3.8101307914040206e-05,11307.885281206127
2538,1,115477.2,115774.29,0.0025727156529600226,0.0025727156529600226,11336.977254670963
2540,-1,115774.29,116179.13,-0.003496803996811515,-0.003496803996811515,11297.334067295069
2542,1,116179.13,115962.29,-0.0018664281614091394,-0.0018664281614091394,11276.248404843023
2544,1,115962.29,116442.65,0.004142381113722449,0.004142381113722449,11322.958923268889
2546,1,116442.65,116379.24,-0.0005445599185520678,-0.0005445599185520678,11316.792893679865
2548,1,116379.24,116597.75,0.001877568542293151,0.001877568542293151,11338.040948016685
2550,1,116597.75,116549.51,-0.00041373011057255216,-0.00041373011057255216,11333.350059081586
2552,1,116549.51,116558.55,7.756360365651638e-05,7.756360365651638e-05,11334.22911455367
2554,1,116558.55,116839.57,0.0024109771441047645,0.0024109771441047645,11361.555681894904
2556,1,116839.57,116540.82,-0.002556924850031561,-0.002556924850031561,11332.50503783685
2558,1,116540.82,116500.0,-0.0003502635385610464,-0.0003502635385610464,11328.535674521538
2560,-1,116500.0,115805.51,0.005961287553648109,0.005961287553648109,11396.068333239122
2562,-1,115805.51,116023.07,-0.001878667085875474,-0.001878667085875474,11374.658914753078
2564,-1,116023.07,115196.62,0.0071231523178968414,0.0071231523178968414,11455.682342766988
2566,-1,115196.62,115453.98,-0.0022340933266966623,-0.0022340933266966623,11430.089279292255
2568,-1,115453.98,115434.5,0.00016872523580391263,0.00016872523580391263,11432.017823801161
2570,-1,115434.5,115350.14,0.0007308040490494605,0.0007308040490494605,11440.372388715601
2572,-1,115350.14,115023.38,0.0028327663928279234,0.0028327663928279234,11472.780291139792
2574,-1,115023.38,115211.79,-0.0016380148105541448,-0.0016380148105541448,11453.987707104672
2576,-1,115211.79,115486.21,-0.002381874285609209,-0.002381874285609209,11426.705748317436
2578,-1,115486.21,115586.97,-0.0008724851218167018,-0.0008724851218167018,11416.736117560651
2580,1,115586.97,115735.71,0.0012868232465994556,0.0012868232465994556,11431.42743899702
2582,-1,115735.71,115723.6,0.00010463494802082085,0.00010463494802082085,11432.6235658129
2584,-1,115723.6,115016.95,0.006106360327539195,0.006106360327539195,11502.435284794872
2586,1,115016.95,114256.51,-0.0066115472545568155,-0.0066115472545568155,11426.38639036697
2588,-1,114256.51,114137.27,0.0010436166831980787,0.0010436166831980787,11438.311157832622
2590,-1,114137.27,113869.98,0.002341829272769602,0.002341829272769602,11465.097729733081
2592,-1,113869.98,113425.3,0.00390515568721439,0.00390515568721439,11509.870721336816
2594,-1,113425.3,113451.17,-0.00022807962597415354,-0.00022807962597415354,11507.245554327683
2596,-1,113451.17,113192.19,0.0022827441973493068,0.0022827441973493068,11533.513652344296
2598,-1,113192.19,113708.14,-0.004558176672789793,-0.004558176672789793,11480.941859458877
2600,-1,113708.14,113600.01,0.0009509433537476797,0.0009509433537476797,11491.859584814893
2602,-1,113600.01,113342.25,0.002269013884769855,0.002269013884769855,11517.934773774663
2604,-1,113342.25,113000.0,0.0030196153684967086,0.0030196153684967086,11552.714506630895
2606,-1,113000.0,113604.41,-0.005348761061946927,-0.005348761061946927,11490.921797118039
2608,-1,113604.41,113090.04,0.004527729161218352,0.004527729161218352,11542.949578828131
2610,-1,113090.04,113602.76,-0.004533732590420891,-0.004533732590420891,11490.616932133013
2612,-1,113602.76,113428.43,0.0015345577871523908,0.0015345577871523908,11508.249947825403
2614,1,113428.43,113514.19,0.0007560714716761119,0.0007560714716761119,11516.951007299873
2616,1,113514.19,113547.21,0.0002908887426320561,0.0002908887426320561,11520.30115869734
2618,-1,113547.21,113863.53,-0.0027858016062216606,-0.0027858016062216606,11488.207885225285
2620,1,113863.53,113535.68,-0.0028793240469534576,-0.0028793240469534576,11455.129612004956
2622,1,113535.68,114099.99,0.004970331793494376,0.004970331793494376,11512.065406914102
2624,1,114099.99,113723.0,-0.003304031840844157,-0.003304031840844157,11474.029176255777
2626,-1,113723.0,113916.23,-0.001699128584367271,-0.001699128584367271,11454.533325304537
2628,1,113916.23,113760.82,-0.001364248097044496,-0.001364248097044496,11438.906500012958
2630,1,113760.82,113592.5,-0.0014795955233094515,-0.0014795955233094515,11421.981545163982
2632,1,113592.5,112880.0,-0.0062724211545656106,-0.0062724211545656106,11350.338066493037
2634,-1,112880.0,113881.9,-0.008875797306874489,-0.008875797306874489,11249.594766450344
2636,-1,113881.9,113708.94,0.0015187663711264676,0.0015187663711264676,11266.680272670428
2638,1,113708.94,113894.71,0.001633732580745173,0.001633732580745173,11285.087015308729
2640,1,113894.71,114406.83,0.004496433592042992,0.004496433592042992,11335.829659653491
2642,1,114406.83,113893.34,-0.004488280988119375,-0.004488280988119375,11284.951270907508
2644,-1,113893.34,114394.24,-0.004397974455749631,-0.004397974455749631,11235.320343483678
2646,1,114394.24,114274.93,-0.0010429720936999676,-0.0010429720936999676,11223.602217901645
2648,1,114274.93,114407.23,0.0011577342466979612,0.0011577342466979612,11236.596166560625
2650,1,114407.23,114748.52,0.0029831156649804402,0.0029831156649804402,11270.116232606151
2652,1,114748.52,114647.28,-0.0008822771744682045,-0.0008822771744682045,11260.17286630052
2654,1,114647.28,114662.57,0.00013336557134202565,0.00013336557134202565,11261.674585688244
2656,-1,114662.57,114748.57,-0.000750026796015435,-0.000750026796015435,11253.228027980973
2658,-1,114748.57,114170.1,0.005041195720347558,0.005041195720347558,11309.957752955726
2660,-1,114170.1,114005.77,0.0014393435759449957,0.0014393435759449957,11326.236667991652
2662,1,114005.77,114250.43,0.002146031731551812,0.002146031731551812,11350.543131280228
2664,-1,114250.43,114138.83,0.0009768015752762427,0.0009768015752762427,11361.630359691104
2666,-1,114138.83,113980.65,0.0013858561542992032,0.0013858561542992032,11377.375945047954
2668,-1,113980.65,113979.87,6.843266817657678e-06,6.843266817657678e-06,11377.453803467231
2670,-1,113979.87,113703.7,0.002422971705442367,0.002422971705442367,11405.021052113012
2672,-1,113703.7,113720.85,-0.00015083062380560897,-0.00015083062380560897,11403.300825673206
2674,-1,113720.85,113740.44,-0.0001722639252168534,-0.0001722639252168534,11401.336448312548
2676,-1,113740.44,113172.73,0.004991276629490837,0.004991276629490837,11458.243672471972
2678,-1,113172.73,113004.62,0.0014854285126814082,0.0014854285126814082,11475.264074328314
2680,-1,113004.62,113704.58,-0.006194083038374876,-0.006194083038374876,11404.185335764643
2682,-1,113704.58,113340.7,0.003200222893396276,0.003200222893396276,11440.681270756691
2684,1,113340.7,112762.65,-0.005100109669342157,-0.005100109669342157,11382.332541583844
2686,-1,112762.65,112742.53,0.00017842787483257627,0.00017842787483257627,11384.363466989877
2688,-1,112742.53,112530.26,0.0018827854936376287,0.0018827854936376287,11405.797781379822
2690,-1,112530.26,112811.47,-0.0024989722764348077,-0.0024989722764348077,11377.295008933532
2692,-1,112811.47,112389.0,0.003744920618444225,0.003744920618444225,11419.902075594611
2694,-1,112389.0,112811.71,-0.0037611332069864556,-0.0037611332069864556,11376.950302677558
2696,-1,112811.71,112600.0,0.0018766668814789167,0.0018766668814789167,11398.301048522824
2698,-1,112600.0,112599.95,4.44049733649976e-07,4.44049733649976e-07,11398.306109935369
2700,-1,112599.95,112356.62,0.002161013392990019,0.002161013392990019,11422.938002096338
2702,-1,112356.62,112815.74,-0.0040862745782135335,-0.0040862745782135335,11376.260740929862
2704,1,112815.74,112651.52,-0.001455647944160976,-0.001455647944160976,11359.700910370088
2706,-1,112651.52,113226.02,-0.005099798032019542,-0.005099798032019542,11301.768730023052
2708,1,113226.02,112856.79,-0.003260999547630594,-0.003260999547630594,11264.91366730702
2710,1,112856.79,112755.75,-0.0008952939384505587,-0.0008952939384505587,11254.828258383512
2712,-1,112755.75,113305.18,-0.004872744848932298,-0.004872744848932298,11199.986351961856
2714,-1,113305.18,112854.71,0.003975722910461665,0.003975722910461665,11244.51439429821
2716,1,112854.71,113337.39,0.0042770035916090965,0.0042770035916090965,11292.607222748524
2718,1,113337.39,113055.41,-0.0024879697688467983,-0.0024879697688467983,11264.511557366865
2720,1,113055.41,113186.99,0.001163854078279014,0.001163854078279014,11277.621805082726
2722,1,113186.99,112588.59,-0.005286826692714519,-0.005286826692714519,11217.998973093276
2724,-1,112588.59,112525.78,0.0005578718056599152,0.0005578718056599152,11224.257178436284
2726,-1,112525.78,112530.12,-3.856893949105711e-05,-3.856893949105711e-05,11223.824270740337
2728,-1,112530.12,112343.87,0.0016551124267885076,0.0016551124267885076,11242.400961766929
2730,-1,112343.87,115794.68,-0.030716495701990754,-0.030716495701990754,10897.073800944758
2732,1,115794.68,116420.0,0.005400248094299398,0.005400248094299398,10955.920702971749
2734,1,116420.0,116564.01,0.0012369867720323224,0.0012369867720323224,10969.47303195676
2736,1,116564.01,116584.64,0.00017698430244461605,0.00017698430244461605,10971.414456489507
2738,1,116584.64,117033.2,0.0038475051258897164,0.0038475051258897164,11013.62702984911
2740,1,117033.2,116630.04,-0.003444834457230983,-0.003444834457230983,10975.686907957595
2742,1,116630.04,116726.08,0.0008234585189201837,0.0008234585189201837,10984.724930842955
2744,1,116726.08,117154.76,0.0036725297379984756,0.0036725297379984756,11025.06665981521
2746,1,117154.76,116918.78,-0.0020142587462941286,-0.0020142587462941286,11002.8593228672
2748,1,116918.78,116924.55,4.935049784138279e-05,4.935049784138279e-05,11003.402319452462
2750,1,116924.55,117098.58,0.0014883957218565502,0.0014883957218565502,11019.779736390601
2752,1,117098.58,117113.72,0.00012929277195339317,0.00012929277195339317,11021.204514259034
2754,1,117113.72,116247.95,-0.007392558275836514,-0.007392558275836514,10939.729617617462
2756,-1,116247.95,115804.56,0.003814174787598379,0.003814174787598379,10981.455658508123
2758,-1,115804.56,116320.04,-0.004451292764291903,-0.004451292764291903,10932.573984394014
2760,-1,116320.04,116301.47,0.00015964574977789248,0.00015964574977789248,10934.319323364754
2762,-1,116301.47,115900.0,0.003451977004245932,0.003451977004245932,10972.064342226093
2764,-1,115900.0,115820.95,0.0006820534943917655,0.0006820534943917655,10979.5478770514
2766,-1,115820.95,115810.91,8.668552623680714e-05,8.668552623680714e-05,10980.499644936963
2768,-1,115810.91,116290.57,-0.004141751411848915,-0.004141751411848915,10935.02114502974
2770,-1,116290.57,116354.0,-0.0005454440544920836,-0.0005454440544920836,10929.056702760437
2772,-1,116354.0,115752.04,0.005173522182305823,0.005173522182305823,10985.598420043849
2774,-1,115752.04,115601.85,0.0012975149293263932,0.0012975149293263932,10999.85239800144
2776,-1,115601.85,116179.13,-0.004993691709950898,-0.004993691709950898,10944.922526270857
2778,-1,116179.13,115314.16,0.007445140964646546,0.007445140964646546,11026.40901732608
2780,-1,115314.16,115481.27,-0.0014491715501374625,-0.0014491715501374625,11010.42985907799
2782,-1,115481.27,115006.25,0.00411339431926927,0.00411339431926927,11055.720098713035
2784,-1,115006.25,115693.61,-0.0059767186565946595,-0.0059767186565946595,10989.643170136967
2786,-1,115693.61,115301.01,0.003393445843724696,0.003393445843724696,11026.935929076684
2788,-1,115301.01,115250.19,0.00044075936542098404,0.00044075936542098404,11031.796154359323
2790,-1,115250.19,115481.43,-0.002006417516535075,-0.002006417516535075,11009.661765316372
2792,-1,115481.43,115139.1,0.002964372713430974,0.002964372713430974,11042.298506237581
2794,-1,115139.1,115481.58,-0.002974489117945067,-0.002974489117945067,11009.453309493676
2796,-1,115481.58,115500.01,-0.00015959255147013351,-0.00015959255147013351,11007.696282749723
2798,-1,115500.01,115425.88,0.000641818126249416,0.000641818126249416,11014.761221752238
2800,1,115425.88,114942.6,-0.004186929309094256,-0.004186929309094256,10968.64319516021
2802,-1,114942.6,115199.51,-0.002235115614228178,-0.002235115614228178,10944.12700948781
2804,-1,115199.51,114700.68,0.004330139945907807,0.004330139945907807,10991.51661102468
2806,-1,114700.68,115081.73,-0.0033221250301218586,-0.0033221250301218586,10955.001418572194
2808,-1,115081.73,115085.84,-3.571374882871403e-05,-3.571374882871403e-05,10954.610174403113
2810,-1,115085.84,115012.98,0.0006330926550129901,0.0006330926550129901,10961.54545764306
2812,-1,115012.98,115107.3,-0.0008200813508181248,-0.0008200813508181248,10952.556098637102
2814,-1,115107.3,114668.19,0.003814788462590979,0.003814788462590979,10994.337783278062
2816,-1,114668.19,114588.04,0.0006989732723610143,0.0006989732723610143,11002.022531535882
2818,-1,114588.04,114673.58,-0.0007465002455755432,-0.0007465002455755432,10993.809519014263
2820,-1,114673.58,114665.37,7.159452072580397e-05,7.159452072580397e-05,10994.596615537726
2822,-1,114665.37,114555.64,0.0009569584958387667,0.0009569584958387667,11005.117988177284
2824,-1,114555.64,114667.9,-0.0009799604803395479,-0.0009799604803395479,10994.333407467397
2826,-1,114667.9,114576.0,0.0008014448681801234,0.0008014448681801234,11003.144759555873
2828,-1,114576.0,114647.49,-0.0006239526602429546,-0.0006239526602429546,10996.27931811211
2830,-1,114647.49,114300.0,0.0030309429364743234,0.0030309429364743234,11029.60841323884
2832,-1,114300.0,114175.35,0.0010905511811023505,0.0010905511811023505,11041.636765720994
2834,-1,114175.35,114667.22,-0.0043080227036746965,-0.0043080227036746965,10994.06914384854
2836,-1,114667.22,112499.99,0.018900170423596152,0.018900170423596152,11201.858924316075
2838,-1,112499.99,112925.85,-0.0037854225587041768,-0.0037854225587041768,11159.455154844547
2840,-1,112925.85,113184.68,-0.0022920349946446983,-0.0022920349946446983,11133.877293108475
2842,-1,113184.68,113375.45,-0.001685475454805463,-0.001685475454805463,11115.111416214124
2844,-1,113375.45,113400.01,-0.00021662538053868197,-0.00021662538053868197,11112.703600973857
2846,-1,113400.01,112360.38,0.009167812242697249,0.009167812242697249,11214.582781096331
2848,-1,112360.38,113006.03,-0.0057462425812371265,-0.0057462425812371265,11150.141067988787
2850,-1,113006.03,113231.54,-0.0019955572282293055,-0.0019955572282293055,11127.890323384785
2852,-1,113231.54,112785.28,0.003941128063788546,0.003941128063788546,11171.74676422904
2854,-1,112785.28,112750.0,0.00031280677762202114,0.00031280677762202114,11175.241362334767
2856,-1,112750.0,112380.0,0.0032815964523281727,0.0032815964523281727,11211.913994743318
2858,-1,112380.0,111949.12,0.0038341341875779422,0.0038341341875779422,11254.901977498745
2860,-1,111949.12,111754.08,0.0017422200371025598,0.0017422200371025598,11274.510493239566
2862,-1,111754.08,111718.84,0.00031533524324123263,0.00031533524324123263,11278.065743748377
2864,-1,111718.84,111775.62,-0.0005082401500051681,-0.0005082401500051681,11272.333777923006
2866,-1,111775.62,111001.0,0.00693013378051488,0.00693013378051488,11350.452559022628
2868,-1,111001.0,111199.99,-0.0017926865523734126,-0.0017926865523734126,11330.104755356715
2870,-1,111199.99,111402.62,-0.0018222123940838664,-0.0018222123940838664,11309.458898045235
2872,-1,111402.62,111500.71,-0.0008804999379727896,-0.0008804999379727896,11299.500920187002
2874,-1,111500.71,112323.61,-0.0073802220631598026,-0.0073802220631598026,11216.108094193143
2876,1,112323.61,112160.01,-0.0014565058939968178,-0.0014565058939968178,11199.771766646245
2878,1,112160.01,112502.8,0.003056258643343579,0.003056258643343579,11234.001165911533
2880,1,112502.8,112655.18,0.0013544551780044767,0.0013544551780044767,11249.21711696041
2882,1,112655.18,112632.43,-0.0002019436656175433,-0.0002019436656175433,11246.945408820484
2884,1,112632.43,110679.56,-0.017338434410054004,-0.017338434410054004,11051.940983536191
2886,-1,110679.56,109659.07,0.009220220969436421,0.009220220969436421,11153.842321545566
2888,-1,109659.07,109948.31,-0.0026376295184702414,-0.0026376295184702414,11124.422617793894
2890,-1,109948.31,110167.95,-0.001997665994138531,-0.001997665994138531,11102.199737025901
2892,-1,110167.95,110393.58,-0.0020480548108592345,-0.0020480548108592345,11079.461823443366
2894,-1,110393.58,109057.19,0.012105685856007242,0.012105685856007242,11213.586307731595
2896,-1,109057.19,109898.99,-0.007718885843290169,-0.007718885843290169,11127.029915128334
2898,-1,109898.99,109418.5,0.004372105694510964,0.004372105694510964,11175.678465983261
2900,-1,109418.5,109575.94,-0.0014388791657717892,-0.0014388791657717892,11159.598015075193
2902,-1,109575.94,109843.99,-0.0024462486929155425,-0.0024462486929155425,11132.298863017353
2904,-1,109843.99,110054.55,-0.0019169005058901067,-0.0019169005058901067,11110.959353695116
2906,-1,110054.55,109846.57,0.0018897901086324387,0.0018897901086324387,11131.956734779147
2908,-1,109846.57,110390.36,-0.004950450432817277,-0.004950450432817277,11076.848534743356
2910,-1,110390.36,110441.97,-0.00046752270759875536,-0.00046752270759875536,11071.669856524732
2912,-1,110441.97,110101.17,0.003085783420922361,0.003085783420922361,11105.834631809921
2914,1,110101.17,110115.77,0.00013260531200542935,0.00013260531200542935,11107.307324476353
2916,1,110115.77,109895.16,-0.0020034369282437847,-0.0020034369282437847,11085.054534809144
2918,-1,109895.16,110235.0,-0.0030924018855789104,-0.0030924018855789104,11050.775091263955
2920,-1,110235.0,109902.41,0.003017099832176684,0.003017099832176684,11084.116382937229
2922,-1,109902.41,110562.09,-0.006002416143558564,-0.006002416143558564,11017.584903823205
2924,1,110562.09,109624.89,-0.00847668491071396,-0.00847668491071396,10924.192308116457
2926,1,109624.89,110164.89,0.00492588863715171,0.00492588863715171,10978.003662877069
2928,-1,110164.89,109634.59,0.004813693364555616,0.004813693364555616,11030.848406265126
2930,-1,109634.59,110710.01,-0.009809130494308427,-0.009809130494308427,10922.645374785137
2932,1,110710.01,111193.95,0.004371239782202219,0.004371239782202219,10970.390876774285
2934,1,111193.95,111028.5,-0.0014879406658365735,-0.0014879406658365735,10954.06758606861
2936,1,111028.5,111500.0,0.0042466573897692594,0.0042466573897692594,11000.58575813102
2938,1,111500.0,111875.7,0.0033695067264574163,0.0033695067264574163,11037.652305838013
2940,1,111875.7,111761.32,-0.0010223846644087375,-0.0010223846644087375,11026.367579389449
2942,1,111761.32,111414.8,-0.003100536035186452,-0.003100536035186452,10992.17992937234
2944,1,111414.8,111113.44,-0.0027048471118737982,-0.0027048471118737982,10962.44776323718
2946,1,111113.44,111102.19,-0.0001012478778444903,-0.0001012478778444903,10961.337838665171
2948,1,111102.19,111263.42,0.001451186515765368,0.001451186515765368,10977.244784331391
2950,-1,111263.42,111739.2,-0.004276158327687574,-0.004276158327687574,10930.304347631807
2952,1,111739.2,111641.39,-0.000875341867491386,-0.000875341867491386,10920.736594611903
2954,1,111641.39,111055.48,-0.005248143184172105,-0.005248143184172105,10863.423005286752
2956,-1,111055.48,111003.16,0.0004711158782978453,0.0004711158782978453,10868.540936357207
2958,-1,111003.16,110884.05,0.001073032515470751,0.001073032515470751,10880.203234177641
2960,-1,110884.05,111089.69,-0.001854549865377475,-0.001854549865377475,10860.025354734418
2962,-1,111089.69,111211.64,-0.0010977616374661103,-0.0010977616374661103,10848.103635518082
2964,1,111211.64,111072.94,-0.0012471716090149965,-0.0012471716090149965,10834.574188652212
2966,1,111072.94,111379.96,0.002764129589079012,0.002764129589079012,10864.522355752137
2968,1,111379.96,111500.12,0.0010788296206964976,0.0010788296206964976,10876.243324284242
2970,-1,111500.12,112234.74,-0.006588513088595871,-0.006588513088595871,10804.58505278744
2972,1,112234.74,112022.8,-0.0018883636207470689,-0.0018883636207470689,10784.18206743649
2974,1,112022.8,112250.71,0.002034496548916964,0.002034496548916964,10806.122448635582
2976,1,112250.71,112567.21,0.002819581274808858,0.002819581274808858,10836.591189145047
2978,1,112567.21,112022.84,-0.004835955337260334,-0.004835955337260334,10784.185918146193
2980,1,112022.84,112247.48,0.002005305346659547,0.002005305346659547,10805.811503827223
2982,1,112247.48,112392.12,0.0012885812670360153,0.0012885812670360153,10819.735670106176
2984,1,112392.12,111432.23,-0.008540545369194907,-0.008540545369194907,10727.329226732938
2986,-1,111432.23,111260.79,0.0015385135880346956,0.0015385135880346956,10743.83336851159
2988,-1,111260.79,111486.86,-0.002031892816867442,-0.002031892816867442,10722.00305066449
2990,-1,111486.86,111480.1,6.063494836960892e-05,6.063494836960892e-05,10722.653178765886
2992,-1,111480.1,111690.73,-0.001889395506462499,-0.001889395506462499,10702.39384603257
2994,-1,111690.73,111656.81,0.00030369574986210957,0.00030369574986210957,10705.64411755696
2996,-1,111656.81,111975.7,-0.0028559834371051362,-0.0028559834371051362,10675.068975273674
2998,-1,111975.7,112999.95,-0.009147073874063771,-0.009147073874063771,10577.42333074612
3000,1,112999.95,112694.74,-0.002700974646448917,-0.002700974646448917,10548.853978505018
3002,1,112694.74,112891.69,0.0017476414604620238,0.0017476414604620238,10567.289593078212
3004,1,112891.69,112930.54,0.00034413516176434733,0.00034413516176434733,10570.926168991737
3006,1,112930.54,112990.11,0.0005274923860278946,0.0005274923860278946,10576.502252059143
3008,1,112990.11,112902.51,-0.0007752890938862445,-0.0007752890938862445,10568.302405211658
3010,1,112902.51,113139.17,0.0020961447181289117,0.0020961447181289117,10590.455096477932
3012,1,113139.17,113133.07,-5.3915898446055266e-05,-5.3915898446055266e-05,10589.884102576452
3014,1,113133.07,113304.67,0.0015167978735128873,0.0015167978735128873,10605.946816263988
3016,1,113304.67,112922.26,-0.0033750594746007057,-0.0033750594746007057,10570.151114974646
3018,1,112922.26,113242.61,0.0028369074441125797,0.0028369074441125797,10600.137655358112
3020,-1,113242.61,112443.66,0.0070552065163457245,0.0070552065163457245,10674.923815618355
3022,-1,112443.66,112315.57,0.0011391482632279182,0.0011391482632279182,10687.084136543006
3024,-1,112315.57,112592.79,-0.0024682241295661544,-0.0024682241295661544,10660.706017602486
3026,-1,112592.79,112671.52,-0.0006992454845466956,-0.0006992454845466956,10653.251567057598
3028,-1,112671.52,112257.99,0.0036702265133193857,0.0036702265133193857,10692.351413412072
3030,-1,112257.99,111950.0,0.002743590901636561,0.002743590901636561,10721.686851467011
3032,-1,111950.0,112295.33,-0.00308468066100942,-0.00308468066100942,10688.613871382891
3034,-1,112295.33,112543.3,-0.002208195122628931,-0.002208195122628931,10665.01132636444
3036,-1,112543.3,112585.59,-0.00037576648276704816,-0.00037576648276704816,10661.00377256966
3038,1,112585.59,112514.56,-0.0006308977907385493,-0.0006308977907385493,10654.27776884249
3040,1,112514.56,111706.55,-0.007181381680735344,-0.007181381680735344,10577.76533365186
3042,-1,111706.55,111415.16,0.002608531012729287,0.002608531012729287,10605.357762570064
3044,-1,111415.16,111928.18,-0.004604579843532797,-0.004604579843532797,10556.52454598308
3046,-1,111928.18,111500.0,0.0038254888089843675,0.0038254888089843675,10596.908412495508
3048,-1,111500.0,111489.51,9.40807174888425e-05,9.40807174888425e-05,10597.90537724212
3050,-1,111489.51,111046.65,0.003972212273603115,0.003972212273603115,10640.002507056086
3052,-1,111046.65,110257.63,0.007105302141036995,0.007105302141036995,10715.60293965011
3054,-1,110257.63,109996.85,0.0023651877879109495,0.0023651877879109495,10740.947352863073
3056,-1,109996.85,110021.36,-0.00022282456270339424,-0.00022282456270339424,10738.55400596615
3058,-1,110021.36,110039.41,-0.0001640590518059426,-0.0001640590518059426,10736.792248978165
3060,-1,110039.41,110164.33,-0.0011352296418165597,-0.0011352296418165597,10724.603524159098
3062,-1,110164.33,110476.29,-0.0028317695936606047,-0.0028317695936606047,10694.23391799532
3064,-1,110476.29,109284.83,0.010784757525800215,0.010784757525800215,10809.568637725088
3066,-1,109284.83,108451.77,0.007622832922007494,0.007622832922007494,10891.968173409437
3068,-1,108451.77,108300.0,0.0013994239098172878,0.0013994239098172878,10907.210654096274
3070,-1,108300.0,108799.63,-0.004613388734995505,-0.004613388734995505,10856.891451334443
3072,-1,108799.63,108589.0,0.0019359440836334008,0.0019359440836334008,10877.909786106306
3074,-1,108589.0,108210.13,0.0034890274337179283,0.0034890274337179283,10915.86311177154
3076,-1,108210.13,108568.27,-0.003309671654585289,-0.003309671654585289,10879.735189045176
3078,-1,108568.27,107885.26,0.006291064599260987,0.006291064599260987,10948.180305942313
3080,-1,107885.26,108108.44,-0.0020686792616526617,-0.0020686792616526617,10925.532032390576
3082,-1,108108.44,108463.11,-0.003280687428289575,-0.003280687428289575,10889.688776804538
3084,-1,108463.11,108401.64,0.0005667364692013566,0.0005667364692013566,10895.860360572604
3086,-1,108401.64,108200.47,0.0018557837316852677,0.0018557837316852677,10916.080720972468
3088,-1,108200.47,107443.08,0.006999877172437441,0.006999877172437441,10992.491945223686
3090,-1,107443.08,107900.0,-0.004252670344148779,-0.004252670344148779,10945.744500719939
3092,-1,107900.0,108170.91,-0.0025107506950881042,-0.0025107506950881042,10918.2624651065
3094,-1,108170.91,108660.0,-0.004521455907138039,-0.004521455907138039,10868.89602278796
3096,1,108660.0,108300.47,-0.0033087612736977245,-0.0033087612736977245,10832.933440539911
3098,-1,108300.47,108200.01,0.0009276044693066199,0.0009276044693066199,10842.982118015056
3100,1,108200.01,108547.74,0.0032137704978032477,0.0032137704978032477,10877.82897405414
3102,1,108547.74,108713.78,0.0015296495348497974,0.0015296495348497974,10894.468240084478
3104,1,108713.78,108662.96,-0.0004674660378839457,-0.0004674660378839457,10889.375446181433
3106,1,108662.96,108668.32,4.932683593383835e-05,4.932683593383835e-05,10889.912584617488
3108,1,108668.32,108698.64,0.0002790141597845963,0.0002790141597845963,10892.951024427413
3110,1,108698.64,108698.74,9.199747117438761e-07,9.199747117438761e-07,10892.961045666892
3112,-1,108698.74,108532.31,0.0015311125041560514,0.0015311125041560514,10909.6393945312
3114,-1,108532.31,108699.81,-0.0015433192198710532,-0.0015433192198710532,10892.802338371757
3116,-1,108699.81,108860.36,-0.001477003501662022,-0.001477003501662022,10876.71363117507
3118,1,108860.36,108971.25,0.0010186444358626368,0.0010186444358626368,10887.793134995936
3120,1,108971.25,108787.13,-0.0016896199685696445,-0.0016896199685696445,10869.396902301392
3122,1,108787.13,108771.5,-0.00014367508362433945,-0.00014367508362433945,10867.835240792509
3124,1,108771.5,108921.64,0.0013803248093480214,0.0013803248093480214,10882.83638339928
3126,1,108921.64,108690.8,-0.0021193217435947487,-0.0021193217435947487,10859.772151619958
3128,-1,108690.8,108656.52,0.00031539007901315586,0.00031539007901315586,10863.197216016923
3130,-1,108656.52,108646.96,8.798367553086717e-05,8.798367553086717e-05,10864.153000036005
3132,-1,108646.96,108569.75,0.0007106503486153937,0.0007106503486153937,10871.873614152892
3134,-1,108569.75,109379.41,-0.007457510033872294,-0.007457510033872294,10790.796507588355
3136,1,109379.41,109173.47,-0.0018828040853392514,-0.0018828040853392514,10770.479551839802
3138,1,109173.47,109385.8,0.0019448864270779076,0.0019448864270779076,10791.426911333296
3140,1,109385.8,109155.73,-0.00210328945804672,-0.00210328945804672,10768.729416873406
3142,1,109155.73,108999.68,-0.001429608871655219,-0.001429608871655219,10753.334345762589
3144,1,108999.68,108846.55,-0.0014048665096997315,-0.0014048665096997315,10738.227346472622
3146,-1,108846.55,108549.04,0.0027332974724509906,0.0027332974724509906,10767.57811613734
3148,-1,108549.04,108660.63,-0.0010280146190146944,-0.0010280146190146944,10756.508888422568
3150,-1,108660.63,109032.21,-0.0034196378209845335,-0.0034196378209845335,10719.725523805962
3152,-1,109032.21,108500.0,0.004881218128111042,0.004881218128111042,10772.050842361139
3154,1,108500.0,108595.14,0.0008768663594469484,0.0008768663594469484,10781.496491367057
3156,-1,108595.14,108558.07,0.00034135965937331925,0.00034135965937331925,10785.176859336885
3158,-1,108558.07,108520.46,0.0003464505218266911,0.0003464505218266911,10788.913389487796
3160,-1,108520.46,108470.92,0.00045650377818162724,0.00045650377818162724,10793.838569212572
3162,-1,108470.92,108588.14,-0.0010806582999387526,-0.0010806582999387526,10782.174117974553
3164,-1,108588.14,108846.88,-0.0023827648212779717,-0.0023827648212779717,10756.482732789349
3166,-1,108846.88,108934.71,-0.0008069133446912957,-0.0008069133446912957,10747.80318333032
3168,1,108934.71,108997.24,0.0005740135536229651,0.0005740135536229651,10753.972568029223
3170,1,108997.24,109254.38,0.0023591423048876514,0.0023591423048876514,10779.342719660062
3172,1,109254.38,108865.76,-0.003557019865015998,-0.003557019865015998,10741.000383474417
3174,1,108865.76,109193.27,0.003008383903258638,0.003008383903258638,10773.313436132956
3176,-1,109193.27,108946.06,0.002263967367219677,0.002263967367219677,10797.703866189191
3178,-1,108946.06,109131.85,-0.001705339321128374,-0.001705339321128374,10779.290117208278
3180,1,109131.85,108432.11,-0.006411877009324107,-0.006411877009324107,10710.174634728915
3182,-1,108432.11,108410.77,0.00019680517145703735,0.00019680517145703735,10712.282452484236
3184,-1,108410.77,108089.48,0.002963635439541701,0.002963635439541701,10744.0297523988
3186,-1,108089.48,107826.95,0.0024288210101482965,0.0024288210101482965,10770.125077595085
3188,-1,107826.95,107382.91,0.004118079941981101,0.004118079941981101,10814.477313649757
3190,-1,107382.91,107602.82,-0.0020479050157982126,-0.0020479050157982126,10792.330291315897
3192,-1,107602.82,107651.81,-0.00045528546556661276,-0.00045528546556661276,10787.416700194666
3194,-1,107651.81,107940.76,-0.002684116504868772,-0.002684116504868772,10758.462016984777
3196,-1,107940.76,109350.0,-0.013055679800661135,-0.013055679800661135,10618.002981743448
3198,-1,109350.0,109699.16,-0.003193049839963491,-0.003193049839963491,10584.09916902186
3200,1,109699.16,109338.93,-0.003283799073757865,-0.003283799073757865,10549.343113974064
3202,1,109338.93,108516.21,-0.007524492877330924,-0.007524492877330924,10469.964656852446
3204,1,108516.21,108467.34,-0.0004503474642176819,-0.0004503474642176819,10465.249534818784
3206,-1,108467.34,108828.24,-0.003327268835024544,-0.003327268835024544,10430.428836190826
3208,1,108828.24,108859.43,0.0002865984049726933,0.0002865984049726933,10433.418180458459
3210,1,108859.43,109242.42,0.0035182069206132205,0.0035182069206132205,10470.1251045066
3212,1,109242.42,108861.57,-0.003486283075750163,-0.003486283075750163,10433.623284553772
3214,-1,108861.57,108684.64,0.0016252751085622519,0.0016252751085622519,10450.580792770274
3216,-1,108684.64,108991.09,-0.0028196256619150706,-0.0028196256619150706,10421.114066985061
3218,-1,108991.09,108804.31,0.001713718066311598,0.001713718066311598,10438.972918432748
3220,1,108804.31,109026.01,0.0020376031059798905,0.0020376031059798905,10460.243402074586
3222,1,109026.01,108979.41,-0.000427420942947343,-0.000427420942947343,10455.772474976213
3224,1,108979.41,107799.42,-0.010827641661851573,-0.010827641661851573,10342.56111731932
3226,-1,107799.42,108411.84,-0.005681106633041333,-0.005681106633041333,10283.803924753081
3228,-1,108411.84,109061.86,-0.005995839568814665,-0.005995839568814665,10222.143886263115
3230,-1,109061.86,108847.99,0.001960997180865953,0.001960997180865953,10242.189481606481
3232,1,108847.99,109191.21,0.0031532047583056055,0.0031532047583056055,10274.48520221535
3234,1,109191.21,110183.1,0.009083972968153775,0.009083972968153775,10367.81834805397
3236,1,110183.1,110148.95,-0.00030993863850270476,-0.00030993863850270476,10364.60496055093
3238,1,110148.95,110435.88,0.0026049272371639898,0.0026049272371639898,10391.604002315114
3240,1,110435.88,110062.73,-0.0033788837468403665,-0.0033788837468403665,10356.49198044809
3242,1,110062.73,110635.46,0.005203668853207777,0.005203668853207777,10410.383735195244
3244,1,110635.46,110050.35,-0.005288629884125817,-0.005288629884125817,10355.327068668073
3246,1,110050.35,110285.18,0.002133841464384112,0.002133841464384112,10377.423694944457
3248,1,110285.18,110309.24,0.00021816167865895686,0.00021816167865895686,10379.687651117902
3250,1,110309.24,110166.68,-0.0012923668044491077,-0.0012923668044491077,10366.273287357046
3252,1,110166.68,109682.95,-0.004390892055565199,-0.004390892055565199,10320.756100333772
3254,-1,109682.95,108459.07,0.011158343206487342,0.011158343206487342,10435.918639051743
3256,-1,108459.07,111271.52,-0.025930980230606693,-0.025930980230606693,10165.305039134271
3258,-1,111271.52,111522.52,-0.0022557434283274613,-0.0022557434283274613,10142.3747190953
3260,1,111522.52,110609.34,-0.008188301340393056,-0.008188301340393056,10059.325898588164
3262,1,110609.34,110758.67,0.0013500668207584443,0.0013500668207584443,10072.906660723043
3264,1,110758.67,111053.59,0.00266272608726692,0.00266272608726692,10099.728052063156
3266,1,111053.59,110913.68,-0.0012598422077125804,-0.0012598422077125804,10087.003988376748
3268,1,110913.68,110810.35,-0.000931625386516699,-0.000931625386516699,10077.606679387281
3270,-1,110810.35,111413.4,-0.005442181168094695,-0.005442181168094695,10022.762518097255
3272,1,111413.4,111208.77,-0.0018366731470360609,-0.0018366731470360609,10004.353979321148
3274,1,111208.77,111307.35,0.0008864408805169255,0.0008864408805169255,10013.22224767158
3276,1,111307.35,111276.18,-0.00028003541545107424,-0.00028003541545107424,10010.41819081945
3278,1,111276.18,111648.06,0.003341955124627871,0.003341955124627871,10043.872559191926
3280,1,111648.06,111190.29,-0.0041001160253031355,-0.0041001160253031355,10002.69151635588
3282,1,111190.29,111341.24,0.0013575825730827162,0.0013575825730827162,10016.270996042407
3284,1,111341.24,110979.04,-0.0032530623873060494,-0.0032530623873060494,9983.687441604117
3286,1,110979.04,111186.76,0.0018717047831735556,0.0018717047831735556,10002.373957142278
3288,-1,111186.76,110750.29,0.00392555732355182,0.00392555732355182,10041.638849482642
3290,-1,110750.29,110619.21,0.001183563492249018,0.001183563492249018,10053.523766627239
3292,-1,110619.21,111054.14,-0.003931776406647547,-0.003931776406647547,10013.995559077943
3294,-1,111054.14,111246.99,-0.0017365403937215085,-0.0017365403937215085,9996.605851287057
3296,1,111246.99,110955.37,-0.002621374295160739,-0.002621374295160739,9970.401005669639
3298,1,110955.37,111500.0,0.004908550167513237,0.004908550167513237,10019.341219196192
3300,-1,111500.0,111313.07,0.0016765022421524334,0.0016765022421524334,10036.138667215066
3302,1,111313.07,111248.56,-0.0005795366168591665,-0.0005795366168591665,10030.322357365538
3304,1,111248.56,111728.2,0.004311426592847667,0.004311426592847667,10073.567355911919
3306,1,111728.2,112391.65,0.005938071140499934,0.005938071140499934,10133.384915509941
3308,1,112391.65,111981.11,-0.003652762460556347,-0.003652762460556347,10096.370067492198
3310,1,111981.11,111702.42,-0.002488723321281583,-0.002488723321281583,10071.242995844941
3312,1,111702.42,112319.99,0.005528707435344726,0.005528707435344726,10126.923951879233
3314,1,112319.99,112034.18,-0.0025446049274043814,-0.0025446049274043814,10101.154931291832
3316,1,112034.18,112096.03,0.0005520636648566057,0.0005520636648566057,10106.731411902485
3318,1,112096.03,111936.21,-0.001425741839385375,-0.001425741839385375,10092.321822069105
3320,1,111936.21,111723.55,-0.0018998320561327553,-0.0018998320561327553,10073.14810555073
3322,-1,111723.55,111872.85,-0.001336334192746369,-0.001336334192746369,10059.687013308685
3324,1,111872.85,111960.28,0.0007815122257097684,0.0007815122257097684,10067.5487816964
3326,-1,111960.28,111834.53,0.0011231661800059634,0.0011231661800059634,10078.856312003561
3328,1,111834.53,112007.46,0.0015463023808479637,0.0015463023808479637,10094.441271515037
3330,-1,112007.46,111773.03,0.0020929855922097174,0.0020929855922097174,10115.568791657726
3332,-1,111773.03,111134.87,0.00570942739943614,0.00570942739943614,10173.3228972777
3334,-1,111134.87,111036.2,0.0008878401531400293,0.0008878401531400293,10182.355181836761
3336,-1,111036.2,110833.27,0.0018276021693824918,0.0018276021693824918,10200.964476256508
3338,-1,110833.27,110663.42,0.0015324820787115945,0.0015324820787115945,10216.597271501945
3340,-1,110663.42,110607.43,0.0005059485781300221,0.0005059485781300221,10221.766344364789
3342,-1,110607.43,110757.35,-0.0013554243146234324,-0.0013554243146234324,10207.911513723237
3344,-1,110757.35,110918.94,-0.001458955094176595,-0.001458955094176595,10193.018629219387
3346,-1,110918.94,111022.15,-0.0009304993358212332,-0.0009304993358212332,10183.534032154885
3348,-1,111022.15,111034.32,-0.00010961776546403179,-0.00010961776546403179,10182.417735909752
3350,-1,111034.32,110894.28,0.0012612316624266429,0.0012612316624266429,10195.260123558335
3352,-1,110894.28,110323.76,0.005144719817830157,0.005144719817830157,10247.71188036394
3354,-1,110323.76,109836.4,0.004417543419477421,0.004417543419477421,10292.981592545744
3356,-1,109836.4,109597.62,0.0021739605449558885,0.0021739605449558885,10315.358128417896
3358,-1,109597.62,109630.17,-0.0002969955004497038,-0.0002969955004497038,10312.294513468229
3360,-1,109630.17,109530.01,0.0009136171183534714,0.0009136171183534714,10321.716002265235
3362,-1,109530.01,109767.72,-0.0021702727864263416,-0.0021702727864263416,10299.315062916297
3364,-1,109767.72,109776.54,-8.035149131258024e-05,-8.035149131258024e-05,10298.487497591494
3366,-1,109776.54,110366.85,-0.005377378445340142,-0.005377378445340142,10243.10863290234
3368,-1,110366.85,110609.08,-0.002194771346649693,-0.002194771346649693,10220.627351574225
3370,1,110609.08,111492.22,0.007984335463236736,0.007984335463236736,10302.232268993926
3372,1,111492.22,110609.51,-0.007917234045568433,-0.007917234045568433,10220.667084928495
3374,1,110609.51,110417.44,-0.0017364691336214655,-0.0017364691336214655,10202.919212010496
3376,1,110417.44,110736.85,0.002892749551157925,0.002892749551157925,10232.43370198154
3378,1,110736.85,111500.72,0.006898065097571404,0.006898065097571404,10303.01769576439
3380,1,111500.72,111250.0,-0.002248595345393345,-0.002248595345393345,10279.85037813019
3382,1,111250.0,111149.44,-0.0009039101123595739,-0.0009039101123595739,10270.558317419855
3384,1,111149.44,111367.99,0.0019662717149091513,0.0019662717149091513,10290.753025735723
3386,1,111367.99,111849.5,0.004323594239242334,0.004323594239242334,10335.246066235259
3388,1,111849.5,112938.71,0.009738174958314527,0.009738174958314527,10435.89250066549
3390,1,112938.71,112633.09,-0.002706069513278564,-0.002706069513278564,10407.652250125586
3392,1,112633.09,112114.72,-0.004602288723500325,-0.004602288723500325,10359.75322953672
3394,1,112114.72,112139.58,0.00022173716350537553,0.00022173716350537553,10362.050371832453
3396,1,112139.58,112342.8,0.0018122058242058259,0.0018122058242058259,10380.828539867001
3398,1,112342.8,112977.57,0.005650295346030232,0.005650295346030232,10439.48328705375
3400,1,112977.57,113227.95,0.0022161921167183074,0.0022161921167183074,10462.61918761713
3402,1,113227.95,110877.23,-0.02076095169081482,-0.02076095169081482,10245.405256103619
3404,-1,110877.23,110983.37,-0.0009572749968591587,-0.0009572749968591587,10235.597585819261
3406,-1,110983.37,110924.32,0.0005320616953692348,0.0005320616953692348,10241.04355522389
3408,-1,110924.32,110243.56,0.006137157297876672,0.006137157297876672,10303.894450416707
3410,-1,110243.56,111243.85,-0.009073455175068856,-0.009073455175068856,10210.40252599221
3412,-1,111243.85,111224.71,0.00017205445514512085,0.00017205445514512085,10212.15927123563
3414,-1,111224.71,111606.4,-0.00343170146274141,-0.00343170146274141,10177.114189326783
3416,-1,111606.4,110652.5,0.008547000888837863,0.008547000888837863,10264.097993348765
3418,-1,110652.5,110871.05,-0.0019751022344727254,-0.0019751022344727254,10243.825350467256
3420,-1,110871.05,110576.38,0.0026577722498343226,0.0026577722498343226,10271.051105215878
3422,-1,110576.38,110835.46,-0.0023429958549918695,-0.0023429958549918695,10246.986075049948
3424,-1,110835.46,110930.95,-0.0008615473784292504,-0.0008615473784292504,10238.157811060188
3426,-1,110930.95,111177.64,-0.0022238158061389512,-0.0022238158061389512,10215.390033894208
3428,-1,111177.64,111211.34,-0.000303118504764166,-0.000303118504764166,10212.29356014155
3430,1,111211.34,110796.55,-0.00372974554573291,-0.00372974554573291,10174.204303723895
3432,-1,110796.55,110759.52,0.0003342161827241119,0.0003342161827241119,10177.604687448542
3434,-1,110759.52,110801.67,-0.0003805541952510705,-0.0003805541952510705,10173.731557287127
3436,-1,110801.67,110846.86,-0.0004078458384246808,-0.0004078458384246808,10169.582243210238
3438,-1,110846.86,110728.28,0.0010697641773524946,0.0010697641773524946,10180.461297992664
3440,-1,110728.28,110762.71,-0.0003109413421757967,-0.0003109413421757967,10177.295771692698
3442,-1,110762.71,110804.35,-0.00037593879745267955,-0.00037593879745267955,10173.469731358968
3444,-1,110804.35,110861.76,-0.0005181204528521555,-0.0005181204528521555,10168.198648614678
3446,-1,110861.76,110890.31,-0.0002575279338881131,-0.0002575279338881131,10165.580053425336
3448,1,110890.31,110925.01,0.00031292184141240575,0.00031292184141240575,10168.761085454678
3450,-1,110925.01,110932.66,-6.896551102419934e-05,-6.896551102419934e-05,10168.059791649937
3452,1,110932.66,110563.83,-0.00332480984409822,-0.00332480984409822,10134.25292635928
3454,-1,110563.83,110345.57,0.001974063308045615,0.001974063308045615,10154.25858321566
3456,-1,110345.57,110145.0,0.0018176533956008045,0.0018176533956008045,10172.71550580925
3458,-1,110145.0,110281.98,-0.0012436333923464549,-0.0012436333923464549,10160.064377115385
3460,-1,110281.98,110174.57,0.0009739578487799605,0.0009739578487799605,10169.959851559586
3462,-1,110174.57,110191.27,-0.00015157762812223474,-0.00015157762812223474,10168.418313167189
3464,-1,110191.27,110190.73,4.900569709476166e-06,4.900569709476166e-06,10168.468144209968
3466,-1,110190.73,110221.6,-0.0002801506079506133,-0.0002801506079506133,10165.619441677442
3468,-1,110221.6,110129.22,0.0008381297313775349,0.0008381297313775349,10174.139549569381
3470,-1,110129.22,110345.68,-0.0019655092445038935,-0.0019655092445038935,10154.14218422983
3472,-1,110345.68,110566.39,-0.0020001689236950337,-0.0020001689236950337,10133.832184586152
3474,-1,110566.39,110728.18,-0.0014632837338723892,-0.0014632837338723892,10119.003512788655
3476,-1,110728.18,110681.21,0.00042419192657172644,0.00042419192657172644,10123.29591238373
3478,1,110681.21,110567.87,-0.0010240220539693423,-0.0010240220539693423,10112.92943411059
3480,1,110567.87,110699.18,0.0011875963604979223,0.0011875963604979223,10124.939512300512
3482,1,110699.18,110413.81,-0.0025778872074752046,-0.0025778872074752046,10098.838560255293
3484,1,110413.81,110558.1,0.0013068111679146455,0.0013068111679146455,10112.035835268802
3486,1,110558.1,110979.44,0.0038110278667957687,0.0038110278667957687,10150.57308562705
3488,1,110979.44,111180.22,0.001809163931625557,0.001809163931625557,10168.937136338895
3490,1,111180.22,111188.8,7.717200055901152e-05,7.717200055901152e-05,10169.721893561265
3492,1,111188.8,111312.76,0.001114860489545677,0.001114860489545677,10181.059714690065
3494,1,111312.76,111220.42,-0.0008295544913269337,-0.0008295544913269337,10172.613970877277
3496,1,111220.42,111317.0,0.0008683657191728145,0.0008683657191728145,10181.447520123966
3498,1,111317.0,111089.72,-0.0020417366619653876,-0.0020417366619653876,10160.659685450251
3500,1,111089.72,111171.74,0.0007383221417787134,0.0007383221417787134,10168.161525471098
3502,1,111171.74,111090.3,-0.0007325602711624191,-0.0007325602711624191,10160.712734306775
3504,1,111090.3,110947.85,-0.0012822901729493408,-0.0012822901729493408,10147.683752217412
3506,-1,110947.85,110819.27,0.0011589228633092086,0.0011589228633092086,10159.444134927488
3508,-1,110819.27,111293.6,-0.0042802122771608,-0.0042802122771608,10115.959557412041
3510,1,111293.6,111281.18,-0.00011159671355776002,-0.00011159671355776002,10114.830649570951
3512,1,111281.18,111140.18,-0.0012670606116865768,-0.0012670606116865768,10102.014546061
3514,1,111140.18,111295.48,0.0013973344293665146,0.0013973344293665146,10116.130438792172
3516,1,111295.48,111489.92,0.0017470610666310282,0.0017470610666310282,10133.803936426746
3518,1,111489.92,110815.99,-0.006044761714780966,-0.006044761714780966,10072.547506366736
3520,-1,110815.99,110994.71,-0.001612763645390869,-0.001612763645390869,10056.302867931996
3522,-1,110994.71,111269.27,-0.0024736314009918825,-0.0024736314009918825,10031.427281379994
3524,-1,111269.27,111026.21,0.0021844306159283233,0.0021844306159283233,10053.340238254901
3526,1,111026.21,110837.9,-0.001696085996270691,-0.001696085996270691,10036.288908661052
3528,-1,110837.9,110884.31,-0.00041871958959882605,-0.00041871958959882605,10032.086517888123
3530,-1,110884.31,111151.83,-0.002412604632702431,-0.002412604632702431,10007.883059479394
3532,1,111151.83,111215.15,0.0005696712325833353,0.0005696712325833353,10013.584262557439
3534,1,111215.15,111506.08,0.0026159205827624987,0.0026159205827624987,10039.779003737089
3536,1,111506.08,112020.0,0.004608896662854578,0.004608896662854578,10086.05130768321
3538,1,112020.0,112095.78,0.0006764863417247913,0.0006764863417247913,10092.874383634793
3540,1,112095.78,111790.54,-0.002723028467262578,-0.002723028467262578,10065.39119937165
3542,1,111790.54,112162.8,0.0033299776528497027,0.0033299776528497027,10098.908727132748
3544,1,112162.8,112047.45,-0.0010284158384064046,-0.0010284158384064046,10088.522849447145
3546,1,112047.45,112668.88,0.0055461324644157095,0.0055461324644157095,10144.475133540464
3548,1,112668.88,112333.81,-0.00297393565996229,-0.00297393565996229,10114.306117189226
3550,1,112333.81,112568.78,0.002091712192437978,0.002091712192437978,10135.4623346126
3552,1,112568.78,112108.73,-0.004086834733395883,-0.004086834733395883,10094.04037510448
3554,1,112108.73,112400.0,0.002598102752568998,0.002598102752568998,10120.26572918758
3556,1,112400.0,111997.71,-0.0035790925266903084,-0.0035790925266903084,10084.044361748125
3558,1,111997.71,112202.46,0.0018281623793914292,0.0018281623793914292,10102.479632282388
3560,1,112202.46,112311.11,0.0009683388403427529,0.0009683388403427529,10112.262255694099
3562,-1,112311.11,112167.98,0.0012744064233717323,0.0012744064233717323,10125.149387667576
3564,1,112167.98,111951.09,-0.0019336177757680595,-0.0019336177757680595,10105.571218829275
3566,-1,111951.09,111526.21,0.0037952287914301275,0.0037952287914301275,10143.924173672822
3568,-1,111526.21,111436.04,0.0008085094974537022,0.0008085094974537022,10152.125632708687
3570,-1,111436.04,111462.98,-0.00024175302711770819,-0.00024175302711770819,10149.6713256053
3572,-1,111462.98,111359.5,0.0009283799876873555,0.0009283799876873555,10159.094077345597
3574,-1,111359.5,111731.93,-0.0033443936080890246,-0.0033443936080890246,10125.118068049347
3576,1,111731.93,112108.54,0.0033706568927969194,0.0033706568927969194,10159.2463670558
3578,-1,112108.54,113046.84,-0.00836956756371987,-0.00836956756371987,10074.217868190251
3580,1,113046.84,113000.0,-0.0004143415242743309,-0.0004143415242743309,10070.043701402874
3582,1,113000.0,112846.04,-0.0013624778761062162,-0.0013624778761062162,10056.32348964829
3584,1,112846.04,113114.1,0.002375448885933551,0.002375448885933551,10080.211772078363
3586,1,113114.1,112912.92,-0.0017785581107926385,-0.0017785581107926385,10062.283529672624
3588,1,112912.92,112525.25,-0.0034333537738640008,-0.0034333537738640008,10027.736150542334
3590,1,112525.25,112807.2,0.002505659840791319,0.002505659840791319,10052.8622463088
3592,1,112807.2,112813.12,5.247891978532593e-05,5.247891978532593e-05,10053.389809660237
3594,-1,112813.12,111910.17,0.008003944931227802,0.008003944931227802,10133.856588068926
3596,-1,111910.17,111090.9,0.007320782373934409,0.007320782373934409,10208.044346758841
3598,-1,111090.9,110950.0,0.001268330709355947,0.001268330709355947,10220.991522886303
3600,-1,110950.0,111168.28,-0.001967372690401037,-0.001967372690401037,10200.883023295355
3602,-1,111168.28,111324.09,-0.0014015688647877056,-0.0014015688647877056,10186.585783256563
3604,-1,111324.09,111385.06,-0.0005476802011137316,-0.0005476802011137316,10181.006791906128
3606,-1,111385.06,111500.67,-0.0010379309397507974,-0.0010379309397507974,10170.439609958996
3608,-1,111500.67,111335.46,0.0014816951324148064,0.0014816951324148064,10185.50910082359
3610,-1,111335.46,111329.18,5.6406108170814484e-05,5.6406108170814484e-05,10186.083625751708
3612,-1,111329.18,111584.15,-0.002290235138712182,-0.002290235138712182,10162.75509910615
3614,-1,111584.15,111000.01,0.005234972888174538,0.005234972888174538,10215.95684651913
3616,-1,111000.01,110854.73,0.00130882871091631,0.00130882871091631,10229.327784149335
3618,-1,110854.73,111498.93,-0.005811208957885672,-0.005811208957885672,10169.883022896936
3620,-1,111498.93,111435.0,0.0005733687309823488,0.0005733687309823488,10175.714115820014
3622,1,111435.0,111579.43,0.00129609189213431,0.00129609189213431,10188.902776382205
3624,-1,111579.43,111360.92,0.001958335868896266,0.001958335868896266,10208.856070153892
3626,1,111360.92,111856.48,0.004450035075141301,0.004450035075141301,10254.285837743146
3628,1,111856.48,112022.53,0.0014844915556078142,0.0014844915556078142,10269.508238478064
3630,1,112022.53,112343.44,0.002864691593735591,0.002864691593735591,10298.92721240063
3632,1,112343.44,112414.42,0.0006318125918165496,0.0006318125918165496,10305.434204295627
3634,1,112414.42,112219.17,-0.0017368768170489268,-0.0017368768170489268,10287.534934536563
3636,1,112219.17,112149.97,-0.0006166504350370028,-0.0006166504350370028,10281.191121643722
3638,1,112149.97,113320.03,0.01043299432001632,0.01043299432001632,10388.454730218833
3640,1,113320.03,113745.37,0.003753440587687784,0.003753440587687784,10427.447177846594
3642,1,113745.37,113747.18,1.5912735612966245e-05,1.5912735612966245e-05,10427.613107056653
3644,1,113747.18,113562.46,-0.0016239523476536677,-0.0016239523476536677,10410.679160271025
3646,1,113562.46,113814.67,0.0022208923617892395,0.0022208923617892395,10433.80015809911
3648,1,113814.67,113725.72,-0.000781533698599679,-0.000781533698599679,10425.6457916711
3650,1,113725.72,113319.18,-0.0035747410524198386,-0.0035747410524198386,10388.376807661625
3652,1,113319.18,113533.38,0.0018902360571264598,0.0018902360571264598,10408.013292078484
3654,-1,113533.38,113475.24,0.0005120960901542349,0.0005120960901542349,10413.343194991628
3656,1,113475.24,113694.12,0.0019288789342943868,0.0019288789342943868,10433.429273316026
3658,1,113694.12,113960.39,0.0023419856717303844,0.0023419856717303844,10457.864215181144
3660,1,113960.39,113996.01,0.00031256474289009795,0.00031256474289009795,10461.13297482074
3662,1,113996.01,113929.19,-0.0005861608665074236,-0.0005861608665074236,10455.00106805157
3664,1,113929.19,114199.26,0.002370507505583097,0.002370507505583097,10479.784726554266
3666,1,114199.26,114046.62,-0.001336611112891628,-0.001336611112891628,10465.77732982804
3668,1,114046.62,114132.23,0.0007506579326945761,0.0007506579326945761,10473.633548602491
3670,1,114132.23,114238.86,0.000934267209183659,0.000934267209183659,10483.418720987956
3672,1,114238.86,114675.0,0.0038177901985365637,0.0038177901985365637,10523.442214228098
3674,1,114675.0,114234.62,-0.003840244168301754,-0.003840244168301754,10483.029626634449
3676,1,114234.62,114060.99,-0.001519942028082144,-0.001519942028082144,10467.096029323297
3678,1,114060.99,114237.13,0.0015442615393745918,0.0015442615393745918,10483.259963150322
3680,1,114237.13,114475.25,0.002084436119849986,0.002084436119849986,10505.111648871289
3682,1,114475.25,114583.3,0.0009438721470362843,0.0009438721470362843,10515.027131158166
3684,1,114583.3,114218.33,-0.003185193653874485,-0.003185193653874485,10481.534733469682
3686,1,114218.33,114006.81,-0.0018518918986121236,-0.0018518918986121236,10462.124064211748
3688,1,114006.81,114626.4,0.005434675349656803,0.005434675349656803,10518.982311968572
3690,-1,114626.4,114651.26,-0.00021687848523543884,-0.00021687848523543884,10516.700971018534
3692,-1,114651.26,114462.93,0.0016426334956981536,0.0016426334956981536,10533.97605629777
3694,1,114462.93,114386.32,-0.0006692996588500977,-0.0006692996588500977,10526.925669716955
3696,1,114386.32,114511.57,0.0010949735947445305,0.0010949735947445305,10538.452375359133
3698,-1,114511.57,114339.04,0.001506659982043801,0.001506659982043801,10554.33023982576
3700,1,114339.04,114516.33,0.0015505640068345095,0.0015505640068345095,10570.69540441188
3702,-1,114516.33,114462.39,0.000471024525497854,0.000471024525497854,10575.674461198923
3704,-1,114462.39,114652.3,-0.001659147602981248,-0.001659147602981248,10558.127856266716
3706,-1,114652.3,115299.85,-0.005647946007188764,-0.005647946007188764,10498.496120197526
3708,1,115299.85,115410.52,0.0009598451342305303,0.0009598451342305303,10508.573050615236
3710,1,115410.52,116235.02,0.007144062776946125,0.007144062776946125,10583.646956184955
3712,1,116235.02,115453.99,-0.006719403498188448,-0.006719403498188448,10512.531161803974
3714,1,115453.99,115308.5,-0.0012601556689380011,-0.0012601556689380011,10499.28373606554
3716,1,115308.5,115114.78,-0.0016800149165066003,-0.0016800149165066003,10481.644782776315
3718,1,115114.78,115566.05,0.003920174281703881,0.003920174281703881,10522.73465708371
3720,-1,115566.05,115699.84,-0.0011576929383672052,-0.0011576929383672052,10510.552561478893
3722,1,115699.84,115559.11,-0.001216337032099557,-0.001216337032099557,10497.768187170537
3724,1,115559.11,115150.01,-0.003540179566976609,-0.003540179566976609,10460.60420273546
3726,1,115150.01,115267.15,0.0010172817179954219,0.0010172817179954219,10471.245584150089
3728,-1,115267.15,115177.28,0.0007796670603896771,0.0007796670603896771,10479.409669413302
3730,-1,115177.28,115157.52,0.00017156161354037192,0.00017156161354037192,10481.207533845138
3732,-1,115157.52,114937.83,0.0019077347271806433,0.0019077347271806433,10501.20289744024
3734,1,114937.83,114855.38,-0.0007173443243185806,-0.0007173443243185806,10493.669919143244
3736,1,114855.38,115197.61,0.0029796601604556994,0.0029796601604556994,10524.937489338286
3738,-1,115197.61,114918.46,0.0024232273568869367,0.0024232273568869367,10550.441805791976
3740,1,114918.46,115233.03,0.0027373321918862104,0.0027373321918862104,10579.321869785592
3742,-1,115233.03,115500.0,-0.0023167836513542373,-0.0023167836513542373,10554.81186983526
3744,-1,115500.0,115991.85,-0.0042584415584416835,-0.0042584415584416835,10509.864820327219
3746,1,115991.85,116450.0,0.0039498464762826035,0.0039498464762826035,10551.377172853994
3748,1,116450.0,116666.4,0.001858308286818433,0.001858308286818433,10570.984884491656
3750,1,116666.4,116001.77,-0.0056968415927807214,-0.0056968415927807214,10510.763658125028
3752,1,116001.77,116028.41,0.00022965166824606698,0.00022965166824606698,10513.177472533656
3754,1,116028.41,116186.51,0.0013625973156057292,0.0013625973156057292,10527.502699936218
3756,1,116186.51,116186.2,-2.668123863958094e-06,-2.668123863958094e-06,10527.474611255037
3758,1,116186.2,115974.1,-0.0018255180047199726,-0.0018255180047199726,10508.256516807958
3760,1,115974.1,115924.66,-0.00042630207951610544,-0.00042630207951610544,10503.776825202754
3762,1,115924.66,115767.47,-0.0013559668840089634,-0.0013559668840089634,10489.534051670758
3764,1,115767.47,116035.32,0.002313689674655617,0.002313689674655617,10513.803578298057
3766,1,116035.32,115878.56,-0.0013509679638924466,-0.0013509679638924466,10499.599766485118
3768,-1,115878.56,115634.08,0.00210979494394814,0.00210979494394814,10521.751768985927
3770,-1,115634.08,115750.18,-0.0010040292619615254,-0.0010040292619615254,10511.18762232277
3772,-1,115750.18,115818.3,-0.0005885088040469277,-0.0005885088040469277,10505.001695866044
3774,-1,115818.3,115990.03,-0.0014827535890269417,-0.0014827535890269417,10489.425366898764
3776,-1,115990.03,116106.45,-0.00100370695653762,-0.00100370695653762,10478.897057687926
3778,-1,116106.45,115885.18,0.0019057511447468922,0.0019057511447468922,10498.8672277513
3780,1,115885.18,116069.38,0.001589504369756467,0.001589504369756467,10515.555223087304
3782,1,116069.38,116155.04,0.0007380068714073484,0.0007380068714073484,10523.315775098605
3784,1,116155.04,115606.08,-0.004726097119849393,-0.004726097119849393,10473.581562722646
3786,1,115606.08,115971.26,0.0031588304006155976,0.0031588304006155976,10506.6658305663
3788,-1,115971.26,115909.28,0.0005344427576280397,0.0005344427576280397,10512.281042026263
3790,-1,115909.28,115143.46,0.006607063731221441,0.006607063731221441,10581.736352831442
3792,-1,115143.46,115596.58,-0.003935264755809742,-0.003935264755809742,10540.094418706873
3794,-1,115596.58,115669.67,-0.0006322851419997555,-0.0006322851419997555,10533.430073610649
3796,-1,115669.67,115722.64,-0.00045794199983451023,-0.00045794199983451023,10528.606373577622
3798,-1,115722.64,115908.89,-0.0016094517027955835,-0.0016094517027955835,10511.661090121603
3800,1,115908.89,115879.99,-0.00024933376551183883,-0.00024933376551183883,10509.040178080219
3802,1,115879.99,115847.95,-0.0002764929475745914,-0.0002764929475745914,10506.1345025852
3804,-1,115847.95,115968.46,-0.0010402428355444915,-0.0010402428355444915,10495.20557143962
3806,1,115968.46,115633.63,-0.002887250550710041,-0.002887250550710041,10464.903283373666
3808,1,115633.63,115724.14,0.000782730767856954,0.000782730767856954,10473.094485156209
3810,1,115724.14,115980.48,0.0022150953120065875,0.0022150953120065875,10496.29338765248
3812,1,115980.48,115585.55,-0.00340514196871744,-0.00340514196871744,10460.552018522214
3814,1,115585.55,115768.02,0.0015786575398049063,0.0015786575398049063,10477.065647836776
3816,-1,115768.02,116005.7,-0.002053071305875287,-0.002053071305875287,10455.55548498543
3818,1,116005.7,115878.3,-0.0010982218977170222,-0.0010982218977170222,10444.072964999024
3820,1,115878.3,115808.16,-0.0006052902053275133,-0.0006052902053275133,10437.751269929584
3822,-1,115808.16,115702.62,0.0009113347453236775,0.0009113347453236775,10447.263555324918
3824,-1,115702.62,116125.87,-0.0036580848385283637,-0.0036580848385283637,10409.046578909074
3826,1,116125.87,115900.0,-0.0019450446313125092,-0.0019450446313125092,10388.800518743685
3828,1,115900.0,115660.01,-0.0020706643658326973,-0.0020706643658326973,10367.288799705779
3830,1,115660.01,115659.93,-6.916824579761283e-07,-6.916824579761283e-07,10367.28162883398
3832,1,115659.93,115454.95,-0.0017722646036530953,-0.0017722646036530953,10348.908062567094
3834,-1,115454.95,115533.11,-0.0006769740058785167,-0.0006769740058785167,10341.90212081951
3836,-1,115533.11,115200.01,0.0028831561792113103,0.0028831561792113103,10371.71943982395
3838,-1,115200.01,115400.0,-0.0017360241548589617,-0.0017360241548589617,10353.713884348996
3840,-1,115400.0,115491.8,-0.000795493934142133,-0.000795493934142133,10345.477567758153
3842,-1,115491.8,115390.01,0.0008813612741338517,0.0008813612741338517,10354.595671048795
3844,-1,115390.01,115358.04,0.00027706037983710186,0.00027706037983710186,10357.464519258478
3846,-1,115358.04,115777.2,-0.0036335568808207874,-0.0036335568808207874,10319.83008278667
3848,-1,115777.2,115853.21,-0.0006565195910768207,-0.0006565195910768207,10313.054912160736
3850,1,115853.21,115844.79,-7.26781761162254e-05,-7.26781761162254e-05,10312.305378139534
3852,1,115844.79,115555.39,-0.002498170180980863,-0.002498170180980863,10286.543484346697
3854,-1,115555.39,115307.38,0.002146243459521857,0.002146243459521857,10308.620911021064
3856,-1,115307.38,115217.52,0.0007793083148710522,0.0007793083148710522,10316.654505011877
3858,-1,115217.52,115460.25,-0.0021067108543908475,-0.0021067108543908475,10294.920296985169
3860,-1,115460.25,115601.81,-0.001226049657782724,-0.001226049657782724,10282.298213478149
3862,1,115601.81,115855.8,0.0021971109275884526,0.0021971109275884526,10304.889563243705
3864,1,115855.8,116129.37,0.0023612974059130654,0.0023612974059130654,10329.222472237614
3866,1,116129.37,116066.89,-0.000538020657478766,-0.000538020657478766,10323.665137171856
3868,1,116066.89,116070.42,3.041349690691142e-05,3.041349690691142e-05,10323.979115929573
3870,1,116070.42,115136.22,-0.00804856224350703,-0.00804856224350703,10240.885927414347
3872,-1,115136.22,115102.61,0.0002919150897954248,0.0002919150897954248,10243.875396549432
3874,-1,115102.61,115041.63,0.0005297881603205656,0.0005297881603205656,10249.302480450324
3876,-1,115041.63,115138.37,-0.0008409129808051308,-0.0008409129808051308,10240.683708950315
3878,-1,115138.37,114700.01,0.003807245143387039,0.003807245143387039,10279.67250226618
3880,-1,114700.01,114919.63,-0.0019147339219935944,-0.0019147339219935944,10259.989664619106
3882,-1,114919.63,114656.64,0.002288468906487151,0.002288468906487151,10283.469331947466
3884,-1,114656.64,114787.25,-0.0011391403062221972,-0.0011391403062221972,10271.755017543644
3886,-1,114787.25,114562.06,0.0019618032490542614,0.0019618032490542614,10291.906179910551
3888,-1,114562.06,115138.7,-0.005033429042738957,-0.005033429042738957,10240.102600439444
3890,-1,115138.7,114933.26,0.0017842827824180452,0.0017842827824180452,10258.373839199603
3892,1,114933.26,115582.03,0.00564475418168775,0.00564475418168775,10316.279837825741
3894,-1,115582.03,115463.9,0.001022044689819035,0.001022044689819035,10326.823536852678
3896,1,115463.9,115579.44,0.0010006590804572113,0.0010006590804572113,10337.15716659711
3898,1,115579.44,115533.22,-0.0003998981133669366,-0.0003998981133669366,10333.02335694861
3900,1,115533.22,115259.04,-0.002373170244887257,-0.002373170244887257,10308.501333378175
3902,1,115259.04,114930.21,-0.0028529649388020495,-0.0028529649388020495,10279.091540502453
3904,1,114930.21,115421.67,0.004276160288926523,0.004276160288926523,10323.04658355419
3906,1,115421.67,115280.32,-0.0012246400524268397,-0.0012246400524268397,10310.404567244903
3908,-1,115280.32,115378.81,-0.0008543522432968853,-0.0008543522432968853,10301.595849973579
3910,-1,115378.81,115548.8,-0.0014733207943469218,-0.0014733207943469218,10286.418294592855
3912,1,115548.8,115563.93,0.00013094034728178272,0.00013094034728178272,10287.765201776634
3914,1,115563.93,115924.1,0.0031166299034657285,0.0031166299034657285,10319.828358444325
3916,1,115924.1,115999.89,0.000653789850427966,0.000653789850427966,10326.575357483234
3918,1,115999.89,115471.57,-0.004554487077530811,-0.004554487077530811,10279.543103462429
3920,1,115471.57,115746.0,0.0023766023099884848,0.0023766023099884848,10303.973489347743
3922,1,115746.0,115649.57,-0.0008331173431478378,-0.0008331173431478378,10295.389070330431
3924,-1,115649.57,115514.78,0.001165503684968372,0.001165503684968372,10307.388384230084
3926,-1,115514.78,115232.07,0.0024473924462306007,0.0024473924462306007,10332.614608702015
3928,-1,115232.07,115143.3,0.0007703584601057578,0.0007703584601057578,10340.574425780842
3930,1,115143.3,115351.28,0.001806270968436774,0.001806270968436774,10359.252305163089
3932,-1,115351.28,115800.02,-0.003890203905843048,-0.003890203905843048,10318.952701383929
3934,-1,115800.02,115940.0,-0.0012088080813803526,-0.0012088080813803526,10306.479067967115
3936,1,115940.0,116663.08,0.006236674141797405,0.006236674141797405,10370.757219463281
3938,1,116663.08,116694.32,0.0002677796608834271,0.0002677796608834271,10373.534297314613
3940,1,116694.32,116694.32,0.0,0.0,10373.534297314613
3942,1,116694.32,116921.18,0.0019440534894927808,0.0019440534894927808,10393.70100286368
3944,1,116921.18,116828.73,-0.0007907036175994753,-0.0007907036175994753,10385.482665880469
3946,1,116828.73,116867.44,0.00033133973124588323,0.00033133973124588323,10388.92378891584
3948,1,116867.44,116860.6,-5.852785001536631e-05,-5.852785001536631e-05,10388.315747542501
3950,1,116860.6,116546.91,-0.0026843093395036988,-0.0026843093395036988,10360.43029455966
3952,1,116546.91,115919.0,-0.005387616025169684,-0.005387616025169684,10304.612274277037
3954,-1,115919.0,116700.4,-0.006740913914026203,-0.006740913914026203,10235.149770018717
3956,1,116700.4,115826.38,-0.007489434483514912,-0.007489434483514912,10158.4942863872
3958,-1,115826.38,116294.7,-0.004043293073650256,-0.004043293073650256,10117.420516800335
3960,-1,116294.7,116748.71,-0.0039039612295315163,-0.0039039612295315163,10077.92249935988
3962,1,116748.71,117167.24,0.003584879010654518,0.003584879010654518,10114.050632198838
3964,1,117167.24,117100.13,-0.0005727710237093397,-0.0005727710237093397,10108.257597064385
3966,1,117100.13,117061.61,-0.00032894925052606716,-0.00032894925052606716,10104.932493303706
3968,1,117061.61,116901.52,-0.001367570461400569,-0.001367570461400569,10091.113286111417
3970,1,116901.52,116648.13,-0.002167550943734553,-0.002167550943734553,10069.240283984773
3972,-1,116648.13,116455.42,0.0016520624891286362,0.0016520624891286362,10085.875298151966
3974,-1,116455.42,116250.01,0.0017638509225247345,0.0017638509225247345,10103.665278601082
3976,-1,116250.01,116246.47,3.045161028369936e-05,3.045161028369936e-05,10103.972951478581
3978,-1,116246.47,115669.94,0.0049595484490840835,0.0049595484490840835,10154.084094859674
3980,-1,115669.94,115596.44,0.0006354287034298078,0.0006354287034298078,10160.536291350589
3982,-1,115596.44,115485.38,0.0009607562309011941,0.0009607562309011941,10170.2980899018
3984,-1,115485.38,115555.27,-0.0006051848294563733,-0.0006051848294563733,10164.143179786743
3986,-1,115555.27,115152.94,0.003481710526919257,0.003481710526919257,10199.531784092922
3988,-1,115152.94,115589.47,-0.0037908715140055893,-0.0037908715140055893,10160.86666959641
3990,-1,115589.47,115871.35,-0.002438630439260736,-0.002438630439260736,10136.088070846661
3992,-1,115871.35,116104.2,-0.002009556288072867,-0.002009556288072867,10115.719031327431
3994,-1,116104.2,116747.63,-0.005541832250685275,-0.005541832250685275,10059.65941336075
3996,1,116747.63,116571.74,-0.0015065830458399487,-0.0015065830458399487,10044.503701041656
3998,1,116571.74,116231.93,-0.002915028977006018,-0.002915028977006018,10015.223681693476
4000,-1,116231.93,116939.44,-0.006087053703745626,-0.006087053703745626,9954.260477287984
4002,1,116939.44,116800.0,-0.0011924120724368104,-0.0011924120724368104,9942.390896922685
4004,1,116800.0,117503.59,0.006023886986301408,0.006023886986301408,10002.282736059378
4006,1,117503.59,117555.8,0.00044432684992856686,0.00044432684992856686,10006.727018839587
4008,1,117555.8,117264.56,-0.002477461767092737,-0.002477461767092737,9981.935735236679
4010,1,117264.56,116932.87,-0.0028285613317442504,-0.0028285613317442504,9953.701217800031
4012,1,116932.87,117195.28,0.0022441080938149227,0.0022441080938149227,9976.038399266312
4014,1,117195.28,117236.13,0.00034856352576650984,0.00034856352576650984,9979.515682383942
4016,1,117236.13,117304.14,0.0005801112677465969,0.0005801112677465969,9985.304911877947
4018,1,117304.14,117168.36,-0.0011575039039543045,-0.0011575039039543045,9973.746882460275
4020,1,117168.36,116934.32,-0.0019974675757175042,-0.0019974675757175042,9953.824646454146
4022,1,116934.32,117272.42,0.002891366709106391,0.002891366709106391,9982.604803665186
4024,1,117272.42,117172.39,-0.0008529712271648782,-0.0008529712271648782,9974.089928995501
4026,1,117172.39,117754.21,0.004965504245496799,0.004965504245496799,10023.616314882895
4028,1,117754.21,117676.94,-0.0006561973453008685,-0.0006561973453008685,10017.038844466753
4030,1,117676.94,117787.72,0.0009413908961262152,0.0009413908961262152,10026.468793641077
4032,1,117787.72,117535.67,-0.0021398665327760913,-0.0021398665327760913,10005.013488627641
4034,1,117535.67,117786.77,0.002136372728381186,0.002136372728381186,10026.387926591831
4036,1,117786.77,117511.78,-0.0023346425069641352,-0.0023346425069641352,10002.979895147098
4038,-1,117511.78,117684.52,-0.0014699802862316869,-0.0014699802862316869,9988.27571189766
4040,-1,117684.52,117433.12,0.0021362197848961983,0.0021362197848961983,10009.612864090415
4042,-1,117433.12,117051.95,0.003245847508777766,0.003245847508777766,10042.102541069153
4044,-1,117051.95,116906.28,0.0012444901601382785,0.0012444901601382785,10054.599838868613
4046,-1,116906.28,117124.35,-0.0018653403392872026,-0.0018653403392872026,10035.84458819378
4048,-1,117124.35,117376.48,-0.002152669363800097,-0.002152669363800097,10014.240733008917
4050,1,117376.48,117262.68,-0.0009695298410721254,-0.0009695298410721254,10004.531627782586
4052,-1,117262.68,117064.27,0.0016920131792995674,0.0016920131792995674,10021.459427149515
4054,-1,117064.27,117065.72,-1.2386358365423789e-05,-1.2386358365423789e-05,10021.335297761707
4056,-1,117065.72,116827.32,0.0020364629372287,0.0020364629372287,10041.74337567714
4058,-1,116827.32,116813.17,0.00012111893005850582,0.00012111893005850582,10042.959620890724
4060,-1,116813.17,116975.0,-0.0013853746114416143,-0.0013853746114416143,10029.046359608208
4062,-1,116975.0,117068.41,-0.0007985466980124922,-0.0007985466980124922,10021.037697753529
4064,-1,117068.41,116565.02,0.004299964439595572,0.004299964439595572,10064.127803501715
4066,-1,116565.02,116688.43,-0.0010587224194702483,-0.0010587224194702483,10053.472685763734
4068,-1,116688.43,116559.68,0.001103365603599249,0.001103365603599249,10064.565341721931
4070,-1,116559.68,116397.25,0.0013935350543171632,0.0013935350543171632,10078.590666332086
4072,-1,116397.25,116497.47,-0.0008610169054681371,-0.0008610169054681371,10069.91282938508
4074,-1,116497.47,115890.0,0.0052144480047506825,0.0052144480047506825,10122.42186624628
4076,-1,115890.0,115999.7,-0.0009465872810423548,-0.0009465872810423548,10112.840110454346
4078,-1,115999.7,116189.65,-0.0016375042349248137,-0.0016375042349248137,10096.28029194636
4080,-1,116189.65,115805.82,0.003303478407930327,0.003303478407930327,10129.633135891218
4082,-1,115805.82,115364.55,0.003810430252987329,0.003810430252987329,10168.23139644388
4084,-1,115364.55,115149.99,0.0018598434267719233,0.0018598434267719233,10187.142714768454
4086,-1,115149.99,115242.3,-0.0008016500913285984,-0.0008016500913285984,10178.976190880781
4088,-1,115242.3,115588.28,-0.0030021962421784565,-0.0030021962421784565,10148.416906811295
4090,-1,115588.28,115444.69,0.0012422539724615822,0.0012422539724615822,10161.02381802798
4092,-1,115444.69,115623.64,-0.0015500929492728854,-0.0015500929492728854,10145.273286650261
4094,-1,115623.64,115500.47,0.001065266583892388,0.001065266583892388,10156.080707266985
4096,-1,115500.47,115759.53,-0.0022429345958505653,-0.0022429345958505653,10133.301282490405
4098,1,115759.53,115664.89,-0.0008175568784704046,-0.0008175568784704046,10125.016732325292
4100,-1,115664.89,115612.39,0.00045389746188317925,0.00045389746188317925,10129.61245172162
4102,-1,115612.39,115666.13,-0.000464829072385875,-0.000464829072385875,10124.903913362057
4104,-1,115666.13,115352.0,0.002715833926491773,0.002715833926491773,10152.401470912435
4106,-1,115352.0,115776.04,-0.0036760524308203646,-0.0036760524308203646,10115.080710806624
4108,-1,115776.04,115961.63,-0.0016030087054281772,-0.0016030087054281772,10098.866148371093
4110,1,115961.63,115693.53,-0.0023119716409644164,-0.0023119716409644164,10075.517856230164
4112,1,115693.53,115604.25,-0.0007716939745895379,-0.0007716939745895379,10067.742639809643
4114,-1,115604.25,115770.74,-0.0014401719659959955,-0.0014401719659959955,10053.243359098928
4116,1,115770.74,115941.7,0.001476711645792328,0.001476711645792328,10068.089100645293
4118,1,115941.7,115953.76,0.0001040177951505683,0.0001040177951505683,10069.136361074921
4120,1,115953.76,115923.52,-0.00026079361290221037,-0.00026079361290221037,10066.51039462451
4122,1,115923.52,115881.17,-0.0003653270708136036,-0.0003653270708136036,10062.832825868729
4124,1,115881.17,115824.86,-0.00048592881828857237,-0.00048592881828857237,10057.943005405019
4126,1,115824.86,116000.0,0.0015121106125230988,0.0015121106125230988,10073.151727763645
4128,1,116000.0,115958.64,-0.00035655172413795455,-0.00035655172413795455,10069.560128147608
4130,-1,115958.64,115718.09,0.002074446544043651,0.002074446544043651,10090.448892355484
4132,-1,115718.09,115687.39,0.0002652999198310413,0.0002652999198310413,10093.125887637683
4134,-1,115687.39,115825.73,-0.0011958088085486374,-0.0011958088085486374,10081.056438795456
4136,-1,115825.73,115947.57,-0.0010519251637783888,-0.0010519251637783888,10070.451921850017
4138,1,115947.57,115740.94,-0.0017820985812811996,-0.0017820985812811996,10052.505383767228
4140,-1,115740.94,115814.94,-0.000639358899279685,-0.000639358899279685,10046.078224990059
4142,-1,115814.94,115576.76,0.002056556779289509,0.002056556779289509,10066.738555268934
4144,-1,115576.76,115405.02,0.001485938868679093,0.001485938868679093,10081.697113369037
4146,-1,115405.02,115799.61,-0.0034191753530306013,-0.0034191753530306013,10047.226023082285
4148,-1,115799.61,115729.55,0.000605010673179307,0.000605010673179307,10053.304702062096
4150,1,115729.55,115494.76,-0.002028781758850795,-0.002028781758850795,10032.908740866384
4152,-1,115494.76,115641.09,-0.0012669838874075356,-0.0012669838874075356,10020.197207147876
4154,-1,115641.09,115658.94,-0.00015435689857312695,-0.00015435689857312695,10018.65052058389
4156,-1,115658.94,115963.67,-0.002634729317076534,-0.002634729317076534,9992.254088339763
4158,-1,115963.67,115600.32,0.0031333089061427177,0.0031333089061427177,10023.562907067198
4160,-1,115600.32,115680.71,-0.0006954132998939766,-0.0006954132998939766,10016.5923881093
4162,-1,115680.71,115600.0,0.0006976962710550927,0.0006976962710550927,10023.580927267165
4164,-1,115600.0,115696.82,-0.0008375432525951076,-0.0008375432525951076,10015.18574469469
4166,-1,115696.82,115734.22,-0.00032325866864790775,-0.00032325866864790775,10011.948249084599
4168,-1,115734.22,115597.94,0.0011775255408469354,0.0011775255408469354,10023.737573861534
4170,1,115597.94,115317.2,-0.002428589990444485,-0.002428589990444485,9999.39402512281
4172,-1,115317.2,115657.7,-0.002952725178897886,-0.002952725178897886,9969.86856261111
4174,-1,115657.7,115477.59,0.0015572676959683118,0.0015572676959683118,9985.394316856713
4176,-1,115477.59,115498.81,-0.00018375859766384117,-0.00018375859766384117,9983.559414799927
4178,-1,115498.81,115653.38,-0.0013382821866303463,-0.0013382821866303463,9970.198595075935
4180,-1,115653.38,115415.49,0.0020569221582629194,0.0020569221582629194,9990.706517488428
4182,-1,115415.49,115321.22,0.0008167881105041186,0.0008167881105041186,9998.866807787448
4184,-1,115321.22,115449.96,-0.001116360024633778,-0.001116360024633778,9987.704472591597
4186,-1,115449.96,115512.01,-0.0005374622910219173,-0.0005374622910219173,9982.336458063708
4188,1,115512.01,115459.7,-0.0004528533439942528,-0.0004528533439942528,9977.815923617798
4190,-1,115459.7,114676.2,0.006785917510611972,0.006785917510611972,10045.524559411539
4192,-1,114676.2,114345.45,0.002884207882716705,0.002884207882716705,10074.497940531817
4194,-1,114345.45,114487.72,-0.0012442121658535754,-0.0012442121658535754,10061.96312762934
4196,-1,114487.72,114609.66,-0.0010650923959356629,-0.0010650923959356629,10051.246207213917
4198,-1,114609.66,114633.23,-0.00020565456698840023,-0.00020565456698840023,10049.17912252748
4200,-1,114633.23,113682.91,0.008290091799733723,0.008290091799733723,10132.4877399652
4202,-1,113682.91,112913.56,0.0067675079745935784,0.0067675079745935784,10201.059431547885
4204,-1,112913.56,112592.08,0.0028471336835008687,0.0028471336835008687,10230.103211462838
4206,-1,112592.08,112651.9,-0.0005312984714376245,-0.0005312984714376245,10224.667973263939
4208,-1,112651.9,112411.24,0.0021363154993390143,0.0021363154993390143,10246.511089930818
4210,-1,112411.24,112850.21,-0.003905036542608986,-0.003905036542608986,10206.49808969039
4212,-1,112850.21,112630.45,0.0019473601334016877,0.0019473601334016877,10226.373817171894
4214,-1,112630.45,112696.97,-0.0005906040506808985,-0.0005906040506808985,10220.334079371696
4216,-1,112696.97,112990.34,-0.0026031755778348487,-0.0026031755778348487,10193.728755298962
4218,-1,112990.34,113005.77,-0.00013656034666342798,-0.00013656034666342798,10192.336696166345
4220,1,113005.77,112954.02,-0.0004579412183997045,-0.0004579412183997045,10187.669205081362
4222,-1,112954.02,112586.5,0.0032537133251211436,0.0032537133251211436,10220.816960125861
4224,-1,112586.5,112308.03,0.002473387129007465,0.002473387129007465,10246.096997242978
4226,-1,112308.03,112420.58,-0.0010021545209188965,-0.0010021545209188965,10235.828824815417
4228,-1,112420.58,112006.23,0.0036857130607225175,0.0036857130607225175,10273.555152802357
4230,-1,112006.23,112904.18,-0.008016964770620305,-0.008016964770620305,10191.192423073317
4232,-1,112904.18,112895.31,7.856219318003177e-05,7.856219318003177e-05,10191.993065501192
4234,1,112895.31,112862.58,-0.00028991461204186386,-0.00028991461204186386,10189.038257785674
4236,-1,112862.58,112805.24,0.0005080514728619256,0.0005080514728619256,10194.21481367959
4238,1,112805.24,112507.85,-0.0026363137031577555,-0.0026363137031577555,10167.339665473351
4240,-1,112507.85,111795.47,0.006331824845999701,0.006331824845999701,10231.717479384915
4242,-1,111795.47,111340.13,0.004072973618698517,0.004072973618698517,10273.390994752426
4244,-1,111340.13,112051.14,-0.006385927517778223,-0.006385927517778223,10207.785864498142
4246,-1,112051.14,112468.02,-0.0037204440758031865,-0.0037204440758031865,10169.808368051503
4248,-1,112468.02,112036.01,0.003841180808553446,0.003841180808553446,10208.872440781528
4250,-1,112036.01,112923.19,-0.007918703995260179,-0.007918703995260179,10128.03140179761
4252,1,112923.19,112999.99,0.0006801083107907946,0.0006801083107907946,10134.919560125923
4254,1,112999.99,112708.91,-0.002575929431498203,-0.002575929431498203,10108.812722545128
4256,1,112708.91,112762.13,0.0004721898206627717,0.0004721898206627717,10113.5860010117
4258,1,112762.13,112979.14,0.0019244936221052278,0.0019244936221052278,10133.04953276726
4260,1,112979.14,112691.38,-0.0025470188567552343,-0.0025470188567552343,10107.240464530867
4262,-1,112691.38,112726.12,-0.0003082755752923383,-0.0003082755752923383,10104.124649162046
4264,1,112726.12,112899.87,0.0015413464066713622,0.0015413464066713622,10119.698605382591
4266,1,112899.87,112525.48,-0.0033161242789738754,-0.0033161242789738754,10086.140427141385
4268,1,112525.48,112924.52,0.003546219043011556,0.003546219043011556,10121.908090394601
4270,1,112924.52,112801.58,-0.0010886918093607756,-0.0010886918093607756,10110.888451961486
4272,-1,112801.58,111999.98,0.0071062834403561315,0.0071062834403561315,10182.739291134947
4274,-1,111999.98,111631.18,0.0032928577308675155,0.0032928577308675155,10216.269602931168
4276,-1,111631.18,111563.14,0.0006095071287429699,0.0006095071287429699,10222.496492083314
4278,-1,111563.14,111844.08,-0.0025182152456448836,-0.0025182152456448836,10196.754045568397
4280,-1,111844.08,112147.64,-0.0027141356073561163,-0.0027141356073561163,10169.078672333868
4282,-1,112147.64,112216.58,-0.0006147253745152348,-0.0006147253745152348,10162.827481638542
4284,-1,112216.58,111917.91,0.002661549656922335,0.002661549656922335,10189.87635163566
4286,-1,111917.91,112250.5,-0.00297173169155851,-0.00297173169155851,10159.594773148441
4288,-1,112250.5,112453.86,-0.0018116623088537676,-0.0018116623088537676,10141.1890182247
4290,1,112453.86,111936.14,-0.004603843745336955,-0.004603843745336955,10094.500568592866
4292,-1,111936.14,111947.24,-9.916368386475582e-05,-9.916368386475582e-05,10093.49956072971
4294,-1,111947.24,112100.47,-0.0013687697883395522,-0.0013687697883395522,10079.683883472364
4296,-1,112100.47,112559.17,-0.004091865092090918,-0.004091865092090918,10038.439176850272
4298,1,112559.17,112516.48,-0.0003792671889816246,-0.0003792671889816246,10034.631926241906
4300,1,112516.48,112643.13,0.0011256128879966187,0.0011256128879966187,10045.927037264386
4302,1,112643.13,112477.59,-0.0014695969474570747,-0.0014695969474570747,10031.163573556045
4304,1,112477.59,112743.67,0.00236562678841179,0.00236562678841179,10054.893562824589
4306,1,112743.67,112788.9,0.00040117551610663327,0.00040117551610663327,10058.927339939053
4308,1,112788.9,113088.26,0.0026541618900441932,0.0026541618900441932,10085.625361539443
4310,1,113088.26,113115.79,0.0002434381782865369,0.0002434381782865369,10088.080587804337
4312,1,113115.79,112852.11,-0.002331062710166254,-0.002331062710166254,10064.564639328955
4314,1,112852.11,113639.29,0.00697532372234777,0.00697532372234777,10134.76823581277
4316,1,113639.29,113305.4,-0.002938156336597997,-0.002938156336597997,10104.990702300764
4318,1,113305.4,113454.73,0.0013179424811173845,0.0013179424811173845,10118.308498818622
4320,1,113454.73,113812.9,0.003156941980294592,0.003156941980294592,10150.251411688114
4322,1,113812.9,113711.97,-0.0008868063286322503,-0.0008868063286322503,10141.25010449902
4324,1,113711.97,113499.67,-0.0018669978191390157,-0.0018669978191390157,10122.316412670578
4326,1,113499.67,113629.94,0.001147756641054487,0.001147756641054487,10133.934368556076
4328,1,113629.94,113370.19,-0.0022859292190069436,-0.0022859292190069436,10110.768911879495
4330,1,113370.19,113398.77,0.0002520944879778053,0.0002520944879778053,10113.317780991398
4332,1,113398.77,113223.27,-0.0015476358341453,-0.0015476358341453,10097.666047991437
4334,-1,113223.27,113028.59,0.0017194345296687175,0.0017194345296687175,10115.028323663417
4336,-1,113028.59,112857.21,0.0015162535425770063,0.0015162535425770063,10130.365271192439
4338,-1,112857.21,113247.57,-0.0034588840181322134,-0.0034588840181322134,10095.32551265807
4340,-1,113247.57,113029.91,0.0019219838447748216,0.0019219838447748216,10114.728565201141
4342,-1,113029.91,112308.54,0.00638211602574934,0.00638211602574934,10179.281936473217
4344,-1,112308.54,112004.59,0.002706383681953306,0.002706383681953306,10206.83097900009
4346,-1,112004.59,112054.21,-0.00044301755847686586,-0.00044301755847686586,10202.309173659987
4348,-1,112054.21,112136.48,-0.0007341982063859831,-0.0007341982063859831,10194.818656563692
4350,-1,112136.48,111863.15,0.002437476189728782,0.002437476189728782,10219.668284297668
4352,-1,111863.15,111755.82,0.0009594759310816992,0.0009594759310816992,10229.47381004009
4354,-1,111755.82,111763.22,-6.621579081955709e-05,-6.621579081955709e-05,10228.79645734209
4356,-1,111763.22,111615.8,0.001319038588902477,0.001319038588902477,10242.288634587352
4358,-1,111615.8,111109.2,0.004538783935607693,0.004538783935607693,10288.776169705874
4360,-1,111109.2,111000.09,0.0009820068905185275,0.0009820068905185275,10298.879818799527
4362,-1,111000.09,111450.0,-0.004053239956832488,-0.004053239956832488,10257.135987607353
4364,-1,111450.0,111414.79,0.00031592642440558816,0.00031592642440558816,10260.376487904561
4366,-1,111414.79,110913.17,0.004502274787754779,0.004502274787754779,10306.571522278926
4368,-1,110913.17,108896.7,0.018180618225950962,0.018180618225950962,10493.951364343937
4370,-1,108896.7,109691.99,-0.007303159783538016,-0.007303159783538016,10417.312360769456
4372,-1,109691.99,109414.94,0.002525708577262642,0.002525708577262642,10443.623455951074
4374,-1,109414.94,109165.23,0.0022822294651900776,0.0022822294651900776,10467.458201125595
4376,-1,109165.23,109346.92,-0.0016643577813191257,-0.0016643577813191257,10450.03660561792
4378,-1,109346.92,109364.61,-0.0001617786765280016,-0.0001617786765280016,10448.346012526194
4380,-1,109364.61,108906.81,0.004185997645856365,0.004185997645856365,10492.08276433772
4382,-1,108906.81,109487.95,-0.005336121772366642,-0.005336121772366642,10436.095733061464
4384,-1,109487.95,109087.0,0.003662046827984211,0.003662046827984211,10474.31320433726
4386,-1,109087.0,109319.77,-0.002133801461219109,-0.002133801461219109,10451.963099516579
4388,-1,109319.77,109324.64,-4.454820934940429e-05,-4.454820934940429e-05,10451.49748327631
4390,-1,109324.64,109140.65,0.0016829691824277182,0.0016829691824277182,10469.087031450885
4392,-1,109140.65,108582.0,0.005118624453858356,0.005118624453858356,10522.674356339641
4394,-1,108582.0,108934.65,-0.0032477758744542395,-0.0032477758744542395,10488.499068430383
4396,-1,108934.65,109155.98,-0.0020317685878643577,-0.0020317685878643577,10467.188865489301
4398,1,109155.98,109431.24,0.0025217125071848034,0.0025217125071848034,10493.58410656647
4400,-1,109431.24,109519.85,-0.0008097322117524008,-0.0008097322117524008,10485.08711349865
4402,1,109519.85,108780.56,-0.006750283167845872,-0.006750283167845872,10414.309806443003
4404,-1,108780.56,109113.28,-0.0030586347413545933,-0.0030586347413545933,10382.456236661787
4406,-1,109113.28,109384.04,-0.002481457802386622,-0.002481457802386622,10356.692609625385
4408,-1,109384.04,109698.09,-0.0028710769870998742,-0.0028710769870998742,10326.957747811422
4410,-1,109698.09,108750.0,0.008642721126685071,0.008642721126685071,10416.210763712816
4412,-1,108750.0,108904.32,-0.0014190344827587076,-0.0014190344827587076,10401.429801459424
4414,1,108904.32,109222.87,0.002925044663058207,0.002925044663058207,10431.854448188358
4416,1,109222.87,109995.05,0.007069764784609633,0.007069764784609633,10505.605205404334
4418,1,109995.05,109725.04,-0.00245474682724367,-0.00245474682724367,10479.816604358093
4420,1,109725.04,109004.25,-0.006569056616429481,-0.006569056616429481,10410.974095754267
4422,-1,109004.25,109388.33,-0.0035235323393354445,-0.0035235323393354445,10374.290691843893
4424,-1,109388.33,109662.0,-0.0025018208066618364,-0.0025018208066618364,10348.33607553668
4426,-1,109662.0,109648.82,0.00012018748518172195,0.00012018748518172195,10349.579816025413
4428,1,109648.82,109725.04,0.0006951283196663383,0.0006951283196663383,10356.774102052179
4430,1,109725.04,109397.2,-0.002987832130204704,-0.002987832130204704,10325.829799624795
4432,1,109397.2,109492.33,0.0008695834993948104,0.0008695834993948104,10334.808970836108
4434,1,109492.33,109553.07,0.0005547420536216041,0.0005547420536216041,10340.542123988376
4436,-1,109553.07,109586.79,-0.00030779602981456655,-0.00030779602981456655,10337.359346176483
4438,1,109586.79,109725.03,0.0012614659120866456,0.0012614659120866456,10350.399572612676
4440,1,109725.03,109717.53,-6.835268124327776e-05,-6.835268124327776e-05,10349.692095049948
4442,1,109717.53,109615.97,-0.0009256497115820439,-0.0009256497115820439,10340.111905547203
4444,-1,109615.97,109466.32,0.0013652207794173643,0.0013652207794173643,10354.228441182155
4446,1,109466.32,109183.71,-0.002581707323311866,-0.002581707323311866,10327.49685378831
4448,-1,109183.71,109409.13,-0.002064593701752715,-0.002064593701752715,10306.174768829109
4450,-1,109409.13,109477.09,-0.0006211547427530384,-0.0006211547427530384,10299.773039491809
4452,-1,109477.09,109390.01,0.0007954175617931325,0.0007954175617931325,10307.965659849906
4454,-1,109390.01,109362.08,0.000255324960661385,0.000255324960661385,10310.597540776505
4456,-1,109362.08,109316.37,0.0004179693729308154,0.0004179693729308154,10314.907054765166
4458,1,109316.37,109358.39,0.0003843889071692974,0.0003843889071692974,10318.8719906155
4460,-1,109358.39,109403.31,-0.0004107595219717819,-0.0004107595219717819,10314.633415689346
4462,-1,109403.31,109487.36,-0.00076825829127114,-0.00076825829127114,10306.709113046321
4464,1,109487.36,109460.11,-0.00024888717747872935,-0.00024888717747872935,10304.14390530608
4466,-1,109460.11,109362.92,0.0008879033649792367,0.0008879033649792367,10313.292989352833
4468,1,109362.92,109362.75,-1.5544573974679565e-06,-1.5544573974679565e-06,10313.276957778253
4470,-1,109362.75,109441.56,-0.0007206292819081916,-0.0007206292819081916,10305.844908410048
4472,-1,109441.56,109475.49,-0.0003100284754713467,-0.0003100284754713467,10302.64980302465
4474,-1,109475.49,109672.28,-0.0017975713102540425,-0.0017975713102540425,10284.130055319138
4476,1,109672.28,109558.06,-0.0010414664489514225,-0.0010414664489514225,10273.41947890987
4478,-1,109558.06,109609.52,-0.00046970528685896795,-0.00046970528685896795,10268.593999466506
4480,1,109609.52,109370.1,-0.002184299319986094,-0.002184299319986094,10246.164316576258
4482,-1,109370.1,109463.58,-0.0008547125768376684,-0.0008547125768376684,10237.406791070534
4484,-1,109463.58,109463.58,-0.0,-0.0,10237.406791070534
4486,-1,109463.58,109348.5,0.0010513085722210214,0.0010513085722210214,10248.169464587301
4488,-1,109348.5,109324.01,0.00022396283442394083,0.00022396283442394083,10250.464673668246
4490,-1,109324.01,109339.06,-0.00013766417825333832,-0.00013766417825333832,10249.05355187223
4492,-1,109339.06,109463.57,-0.0011387513300371577,-0.0011387513300371577,10237.382428508414
4494,1,109463.57,109459.56,-3.6633192211921184e-05,-3.6633192211921184e-05,10237.007400510163
4496,1,109459.56,109463.58,3.6725892192501775e-05,3.6725892192501775e-05,10237.383363740328
4498,-1,109463.58,109312.97,0.0013758914152085522,0.0013758914152085522,10251.468891624698
4500,-1,109312.97,109315.72,-2.5157124538877085e-05,-2.5157124538877085e-05,10251.210994145085
4502,-1,109315.72,109419.22,-0.0009467988684519479,-0.0009467988684519479,10241.505159175567
4504,-1,109419.22,109698.11,-0.0025488209475446055,-0.0025488209475446055,10215.401396291474
4506,1,109698.11,109488.87,-0.0019074166364397849,-0.0019074166364397849,10195.916369720278
4508,1,109488.87,109738.9,0.002283611110426076,0.002283611110426076,10219.199877623147
4510,1,109738.9,110077.43,0.003084867808953895,0.003084867808953895,10250.724758358892
4512,1,110077.43,110101.8,0.00022138961638185073,0.00022138961638185073,10252.99416238078
4514,1,110101.8,110392.05,0.0026361966834329564,0.0026361966834329564,10280.023071586906
4516,1,110392.05,110135.21,-0.002326616817062477,-0.002326616817062477,10256.105397028761
4518,1,110135.21,110809.0,0.0061178436941282666,0.0061178436941282666,10318.850646758288
4520,1,110809.0,110518.04,-0.002625779494445424,-0.002625779494445424,10291.755620323785
4522,1,110518.04,111622.3,0.009991671947855885,0.009991671947855885,10394.587466249563
4524,1,111622.3,112083.01,0.004127401065916025,0.004127401065916025,10437.490097637517
4526,1,112083.01,112171.34,0.0007880766228529623,0.0007880766228529623,10445.715639584725
4528,1,112171.34,111825.96,-0.003079039619211077,-0.003079039619211077,10413.552867279432
4530,1,111825.96,111593.64,-0.002077514022683191,-0.002077514022683191,10391.918565171705
4532,1,111593.64,111782.21,0.0016897916404554625,0.0016897916404554625,10409.478742291427
4534,1,111782.21,111835.86,0.0004799511478614793,0.0004799511478614793,10414.47478356243
4536,1,111835.86,111736.85,-0.0008853153183602247,-0.0008853153183602247,10405.254689503865
4538,-1,111736.85,111701.43,0.0003169947962557984,0.0003169947962557984,10408.553101094154
4540,1,111701.43,111680.0,-0.00019185072205429865,-0.00019185072205429865,10406.556212666168
4542,1,111680.0,112071.5,0.0035055515759312428,0.0035055515759312428,10443.036932197498
4544,1,112071.5,112039.74,-0.00028339051409143057,-0.00028339051409143057,10440.077474592606
4546,1,112039.74,112196.95,0.00140316284204145,0.00140316284204145,10454.726603372988
4548,1,112196.95,112039.78,-0.0014008402189186198,-0.0014008402189186198,10440.081201869185
4550,1,112039.78,111948.19,-0.0008174775066498441,-0.0008174775066498441,10431.54667031906
4552,1,111948.19,113269.49,0.011802781268728024,0.011802781268728024,10554.667933963363
4554,1,113269.49,114200.0,0.008215010061403127,0.008215010061403127,10641.37463723564
4556,1,114200.0,113557.25,-0.005628283712784565,-0.005628283712784565,10581.481961683248
4558,1,113557.25,113553.84,-3.0028906124468513e-05,-3.0028906124468513e-05,10581.164211354762
4560,1,113553.84,113999.98,0.003928885187854503,0.003928885187854503,10622.73639069501
4562,1,113999.98,114000.0,1.7543862740332372e-07,1.7543862740332372e-07,10622.738254333302
4564,1,114000.0,114235.82,0.0020685964912281474,0.0020685964912281474,10644.712413413452
4566,1,114235.82,114284.36,0.00042491050530379937,0.00042491050530379937,10649.23546354385
4568,1,114284.36,114298.93,0.0001274890107447746,0.0001274890107447746,10650.593124038285
4570,1,114298.93,114100.0,-0.0017404362403041773,-0.0017404362403041773,10632.056445784474
4572,1,114100.0,114332.5,0.002037686240140335,0.002037686240140335,10653.721240908444
4574,1,114332.5,114596.07,0.002305293770362926,0.002305293770362926,10678.281198116294
4576,1,114596.07,114712.07,0.001012251118210239,0.001012251118210239,10689.09030019965
4578,1,114712.07,114861.72,0.0013045706524168477,0.0013045706524168477,10703.034973706324
4580,1,114861.72,114873.54,0.00010290634686649369,0.00010290634686649369,10704.136383935853
4582,1,114873.54,114197.75,-0.005882903930705008,-0.005882903930705008,10641.164977927994
4584,-1,114197.75,113985.94,0.001854765089504773,0.001854765089504773,10660.901839240718
4586,-1,113985.94,113989.91,-3.482885696248772e-05,-3.482885696248772e-05,10660.530532215467
4588,-1,113989.91,113671.7,0.0027915628672748882,0.0027915628672748882,10690.290073394648
4590,-1,113671.7,113433.72,0.002093572982545311,0.002093572982545311,10712.670975867879
4592,-1,113433.72,112813.37,0.005468832371890886,0.005468832371890886,10771.256777690121
4594,-1,112813.37,113000.1,-0.0016552116118861981,-0.0016552116118861981,10753.428068397081
4596,-1,113000.1,113231.95,-0.0020517680957803375,-0.0020517680957803375,10731.364527766074
4598,-1,113231.95,113400.91,-0.0014921583528324511,-0.0014921583528324511,10715.351632548678
4600,-1,113400.91,113056.44,0.0030376299449449418,0.0030376299449449418,10747.900905538323
4602,-1,113056.44,113690.98,-0.005612594912770996,-0.005612594912770996,10687.577291592932
4604,-1,113690.98,113294.99,0.0034830379683593593,0.0034830379683593593,10724.802529089324
4606,-1,113294.99,112684.53,0.00538823473129757,0.00538823473129757,10782.59028256287
4608,-1,112684.53,113528.14,-0.007486475738950116,-0.007486475738950116,10701.866682009422
4610,-1,113528.14,113526.79,1.1891324917412405e-05,1.1891324917412405e-05,10701.99394138336
4612,1,113526.79,114211.1,0.006027740236467682,0.006027740236467682,10766.502780874269
4614,1,114211.1,114500.0,0.0025295264645905924,0.0025295264645905924,10793.736934589579
4616,1,114500.0,114300.0,-0.0017467248908297206,-0.0017467248908297206,10774.883245620862
4618,1,114300.0,114240.4,-0.0005214348206474817,-0.0005214348206474817,10769.264846308184
4620,1,114240.4,114149.05,-0.0007996295531177422,-0.0007996295531177422,10760.653423871725
4622,-1,114149.05,114290.82,-0.0012419726664392172,-0.0012419726664392172,10747.28898644625
4624,1,114290.82,114099.0,-0.0016783500197129486,-0.0016783500197129486,10729.251273763988
4626,-1,114099.0,113722.0,0.0033041481520433846,0.0033041481520433846,10764.702309533006
4628,1,113722.0,113660.2,-0.0005434304707971904,-0.0005434304707971904,10758.852442288944
4630,-1,113660.2,113558.0,0.0008991713898092168,0.0008991713898092168,10768.52649459223
4632,-1,113558.0,113940.83,-0.0033712287993801215,-0.0033712287993801215,10732.223327946773
4634,1,113940.83,114465.72,0.0046066892789879965,0.0046066892789879965,10781.66334609133
4636,1,114465.72,114498.47,0.00028611185951565865,0.00028611185951565865,10784.748107839952
4638,1,114498.47,116353.47,0.01620108984862423,0.01620108984862423,10959.472780929847
4640,1,116353.47,116385.15,0.00027227378779492994,0.00027227378779492994,10962.456758096147
4642,1,116385.15,116058.16,-0.002809550874832367,-0.002809550874832367,10931.657178121126
4644,1,116058.16,116375.51,0.002734404888032005,0.002734404888032005,10961.548754943271
4646,1,116375.51,116500.01,0.0010698127123138779,0.0010698127123138779,10973.275559147958
4648,1,116500.01,116745.47,0.0021069526088453028,0.0021069526088453028,10996.395730714883
4650,1,116745.47,117278.26,0.004563688852338377,0.004563688852338377,11046.579859327048
4652,1,117278.26,117134.51,-0.0012257173665434218,-0.0012257173665434218,11033.039874552562
4654,1,117134.51,117863.2,0.006220967672123212,0.006220967672123212,11101.676058937399
4656,1,117863.2,116638.32,-0.010392387106407996,-0.010392387106407996,10986.30314380298
4658,1,116638.32,117158.2,0.004457197257299317,0.004457197257299317,11035.271264043397
4660,1,117158.2,117400.0,0.002063876024042788,0.002063876024042788,11058.046695824063
4662,1,117400.0,117145.24,-0.002170017035775129,-0.002170017035775129,11034.050546111728
4664,1,117145.24,117487.6,0.002922525917399721,0.002922525917399721,11066.297844806639
4666,1,117487.6,117734.54,0.0021018388323532644,0.0021018388323532644,11089.55741934724
4668,1,117734.54,118482.95,0.006356758178186261,0.006356758178186261,11160.051054165142
4670,1,118482.95,118298.1,-0.0015601400876665839,-0.0015601400876665839,11142.639811135134
4672,1,118298.1,119111.19,0.006873229578497009,0.006873229578497009,11219.225732667566
4674,1,119111.19,119725.0,0.005153252183946799,0.005153252183946799,11277.041232176627
4676,1,119725.0,118831.27,-0.007464856963875555,-0.007464856963875555,11192.859732402701
4678,1,118831.27,119201.0,0.0031113864221092857,0.0031113864221092857,11227.685044198673
4680,1,119201.0,118318.44,-0.007403964731839463,-0.007403964731839463,11144.555660111226
4682,1,118318.44,118883.49,0.0047756714845124115,0.0047756714845124115,11197.77839678478
4684,1,118883.49,118469.64,-0.0034811393911804434,-0.0034811393911804434,11158.797369314025
4686,-1,118469.64,118586.24,-0.0009842184039725588,-0.0009842184039725588,11147.814675576945
4688,-1,118586.24,118833.03,-0.00208110148361218,-0.00208110148361218,11124.614941916569
4690,-1,118833.03,118878.91,-0.00038608794204786356,-0.00038608794204786356,11120.319862227569
4692,1,118878.91,118815.97,-0.0005294463080121048,-0.0005294463080121048,11114.432249932599
4694,1,118815.97,119299.54,0.004069907437526998,0.004069907437526998,11159.66696041049
4696,1,119299.54,119703.0,0.0033819074239516134,0.0033819074239516134,11197.40792095273
4698,1,119703.0,118991.73,-0.005941956341946386,-0.005941956341946386,11130.873411943465
4700,1,118991.73,119769.22,0.006533983496163964,0.006533983496163964,11203.602355114994
4702,1,119769.22,119683.2,-0.0007182145796724715,-0.0007182145796724715,11195.555764558698
4704,1,119683.2,119886.16,0.0016958102724526913,0.0016958102724526913,11214.541303030053
4706,1,119886.16,119907.76,0.00018017092214805963,0.00018017092214805963,11216.561837278088
4708,1,119907.76,120868.83,0.008015077589640596,0.008015077589640596,11306.463450692874
4710,1,120868.83,120689.9,-0.0014803651197748957,-0.0014803651197748957,11289.72575657246
4712,1,120689.9,120225.62,-0.0038468836248931604,-0.0038468836248931604,11246.295495429966
4714,1,120225.62,120305.02,0.0006604249576753762,0.0006604249576753762,11253.722829656539
4716,1,120305.02,120559.88,0.002118448590092026,0.002118448590092026,11277.563262918311
4718,1,120559.88,120111.76,-0.003716991091895716,-0.003716991091895716,11235.644660731754
4720,-1,120111.76,119940.68,0.0014243401312244997,0.0014243401312244997,11251.648040322214
4722,1,119940.68,120265.29,0.002706421207550269,0.002706421207550269,11282.099739198433
4724,-1,120265.29,120381.49,-0.0009661973126244838,-0.0009661973126244838,11271.199004749658
4726,1,120381.49,120130.34,-0.002086284195352728,-0.002086284195352728,11247.684080403375
4728,-1,120130.34,120076.15,0.00045109337075044387,0.00045109337075044387,11252.75783612834
4730,-1,120076.15,120117.07,-0.0003407837443156758,-0.0003407837443156758,11248.923079179067
4732,-1,120117.07,119681.55,0.0036257960671202127,0.0036257960671202127,11289.709380238892
4734,-1,119681.55,119966.26,-0.002378896329467528,-0.002378896329467528,11262.852332033486
4736,-1,119966.26,120367.17,-0.0033418562852589595,-0.0033418562852589595,11225.213498177736
4738,1,120367.17,120381.49,0.00011896931696586677,0.00011896931696586677,11226.548954160411
4740,1,120381.49,120380.59,-7.476232434133756e-06,-7.476232434133756e-06,11226.465021870996
4742,1,120380.59,120169.0,-0.001757675386040214,-0.001757675386040214,11206.732540629811
4744,1,120169.0,120494.96,0.0027125132105618732,0.0027125132105618732,11237.130950693503
4746,1,120494.96,120867.98,0.00309573114095385,0.00309573114095385,11271.918086912541
4748,1,120867.98,122021.43,0.009543056812896245,0.009543056812896245,11379.48664160626
4750,1,122021.43,122927.82,0.007428121437357493,0.007428121437357493,11464.014850274898
4752,1,122927.82,122205.63,-0.005874910984348447,-0.005874910984348447,11396.664783506285
4754,1,122205.63,122670.61,0.0038048983504277434,0.0038048983504277434,11440.027934541426
4756,1,122670.61,122794.89,0.0010131196054212754,0.0010131196054212754,11451.618051128477
4758,1,122794.89,122596.3,-0.0016172497080293446,-0.0016172497080293446,11433.097925178825
4760,1,122596.3,122380.25,-0.0017622880951546627,-0.0017622880951546627,11412.949512814545
4762,1,122380.25,122581.4,0.001643647565681583,0.001643647565681583,11431.708379498528
4764,1,122581.4,122288.94,-0.002385843202965421,-0.002385843202965421,11404.434115763019
4766,1,122288.94,122309.89,0.0001713155744091921,0.0001713155744091921,11406.387872944373
4768,1,122309.89,121800.0,-0.004168837041714335,-0.004168837041714335,11358.836500667481
4770,-1,121800.0,121939.17,-0.0011426108374383848,-0.0011426108374383848,11345.857770981127
4772,-1,121939.17,122281.04,-0.002803611013589835,-0.002803611013589835,11314.048399175781
4774,-1,122281.04,122509.17,-0.0018656203774518598,-0.0018656203774518598,11292.940679930802
4776,1,122509.17,122635.63,0.0010322492593819454,0.0010322492593819454,11304.597809583904
4778,1,122635.63,122605.85,-0.00024283317988416098,-0.00024283317988416098,11301.852678150492
4780,1,122605.85,122244.87,-0.002944231453882562,-0.002944231453882562,11268.577408008334
4782,-1,122244.87,122451.06,-0.0016866965460391459,-0.0016866965460391459,11249.570737415472
4784,1,122451.06,122168.18,-0.0023101474172620984,-0.0023101474172620984,11223.582570631124
4786,1,122168.18,122127.81,-0.0003304461112541013,-0.0003304461112541013,11219.87378141632
4788,1,122127.81,121978.72,-0.0012207702733717518,-0.0012207702733717518,11206.176893032984
4790,-1,121978.72,121979.01,-2.3774638724383124e-06,-2.3774638724383124e-06,11206.150250752273
4792,-1,121979.01,122460.23,-0.003945104981586622,-0.003945104981586622,11161.940811573622
4794,1,122460.23,122007.26,-0.0036989151498408868,-0.0036989151498408868,11120.653739604066
4796,1,122007.26,122007.1,-1.311397370806766e-06,-1.311397370806766e-06,11120.63915600799
4798,-1,122007.1,121931.17,0.0006223408309844469,0.0006223408309844469,11127.559983821418
4800,-1,121931.17,121964.59,-0.00027408906188619575,-0.00027408906188619575,11124.51004134437
4802,-1,121964.59,121867.47,0.0007962966956228668,0.0007962966956228668,11133.368451930717
4804,-1,121867.47,121975.59,-0.0008871932764338286,-0.0008871932764338286,11123.491002296103
4806,-1,121975.59,122094.42,-0.0009742113155590815,-0.0009742113155590815,11112.654371493147
4808,-1,122094.42,122341.82,-0.0020263006286447283,-0.0020263006286447283,11090.13679295428
4810,-1,122341.82,122056.7,0.00233051952308716,0.00233051952308716,11115.982573263967
4812,1,122056.7,122375.0,0.0026078044056574434,0.0026078044056574434,11144.970881591737
4814,1,122375.0,122369.9,-4.167517875386384e-05,-4.167517875386384e-05,11144.506412938039
4816,1,122369.9,122380.24,8.449790348774577e-05,8.449790348774577e-05,11145.448100365338
4818,1,122380.24,124243.75,0.015227213151404184,0.015227213151404184,11315.162214257514
4820,1,124243.75,123802.27,-0.0035533376930428906,-0.0035533376930428906,11274.955621858699
4822,1,123802.27,125077.77,0.010302719005071515,0.010302719005071515,11391.11832142536
4824,1,125077.77,125000.28,-0.0006195345503842153,-0.0006195345503842153,11384.061130057722
4826,1,125000.28,125122.02,0.0009739178184240416,0.0009739178184240416,11395.148270038313
4828,1,125122.02,124905.99,-0.0017265546064553217,-0.0017265546064553217,11375.473924301437
4830,1,124905.99,124809.59,-0.0007717804406338624,-0.0007717804406338624,11366.694556023722
4832,1,124809.59,123265.21,-0.012373888897479701,-0.012373888897479701,11226.044340455897
4834,-1,123265.21,123112.38,0.001239846993324356,0.001239846993324356,11239.962917778337
4836,-1,123112.38,123452.8,-0.0027651159046717666,-0.0027651159046717666,11208.883117546467
4838,-1,123452.8,123308.14,0.0011717838720547435,0.0011717838720547435,11222.017506007354
4840,-1,123308.14,123385.29,-0.0006256683459826551,-0.0006256683459826551,11214.996244875781
4842,-1,123385.29,123227.3,0.0012804605800252888,0.0012804605800252888,11229.356605472476
4844,-1,123227.3,123005.38,0.001800899638310649,0.001800899638310649,11249.579549721733
4846,-1,123005.38,123268.7,-0.0021407193734126473,-0.0021407193734126473,11225.497356836897
4848,-1,123268.7,123127.95,0.0011418145887804876,0.0011418145887804876,11238.31479348525
4850,-1,123127.95,123071.66,0.00045716671153861466,0.00045716671153861466,11243.452576902624
4852,-1,123071.66,122665.06,0.003303766277305442,0.003303766277305442,11280.598316366679
4854,-1,122665.06,122969.49,-0.002481798810517022,-0.002481798810517022,11252.6021408832
4856,-1,122969.49,122747.5,0.0018052445366733005,0.0018052445366733005,11272.915839421386
4858,-1,122747.5,123200.5,-0.00369050286156547,-0.00369050286156547,11231.313111257816
4860,1,123200.5,123294.13,0.0007599806818965327,0.0007599806818965327,11239.848692254704
4862,1,123294.13,123580.91,0.0023259825913852783,0.0023259825913852783,11265.992384642692
4864,1,123580.91,124062.98,0.003900845203357095,0.003900845203357095,11309.939276997382
4866,1,124062.98,124102.57,0.0003191121154755283,0.0003191121154755283,11313.548415645964
4868,1,124102.57,123725.69,-0.0030368428308938933,-0.0030368428308938933,11279.190947247938
4870,1,123725.69,123904.25,0.0014431925980771254,0.0014431925980771254,11295.468992135306
4872,1,123904.25,123674.38,-0.0018552228837993567,-0.0018552228837993567,11274.51337957785
4874,-1,123674.38,124073.9,-0.0032304184585358886,-0.0032304184585358886,11238.09198344545
4876,1,124073.9,123268.72,-0.006489519552460243,-0.006489519552460243,11165.162165786534
4878,-1,123268.72,123852.1,-0.004732587472312533,-0.004732587472312533,11112.322059194395
4880,-1,123852.1,124003.26,-0.0012204879852661943,-0.0012204879852661943,11098.75960363274
4882,1,124003.26,124080.87,0.0006258706424331351,0.0006258706424331351,11105.705991436076
4884,1,124080.87,124294.54,0.0017220220973628297,0.0017220220973628297,11124.830262560145
4886,1,124294.54,124415.71,0.0009748618080891447,0.0009748618080891447,11135.675434704588
4888,1,124415.71,124931.18,0.00414312629811775,0.00414312629811775,11181.811944445417
4890,1,124931.18,124423.1,-0.004066879060935724,-0.004066879060935724,11136.33686758523
4892,1,124423.1,125201.61,0.006256957108446759,0.006256957108446759,11206.016449710925
4894,1,125201.61,125335.66,0.0010706731327176922,0.0010706731327176922,11218.014430448424
4896,1,125335.66,125142.82,-0.0015385884591823107,-0.0015385884591823107,11200.754522910795
4898,1,125142.82,125999.0,0.006841623035184874,0.006841623035184874,11277.385863066193
4900,1,125999.0,125413.98,-0.00464305272264065,-0.00464305272264065,11225.024365930414
4902,1,125413.98,125074.44,-0.002707353677795732,-0.002707353677795732,11194.634254929966
4904,1,125074.44,125000.0,-0.0005951655670015654,-0.0005951655670015654,11187.971594086255
4906,-1,125000.0,125204.26,-0.0016340799999998712,-0.0016340799999998712,11169.689553463792
4908,1,125204.26,124797.86,-0.00324589594635194,-0.00324589594635194,11133.433903420193
4910,-1,124797.86,124950.81,-0.0012255819130231327,-0.0012255819130231327,11119.788968198323
4912,-1,124950.81,124500.08,0.003607259528769724,0.003607259528769724,11159.900932911765
4914,-1,124500.08,124643.93,-0.0011554209443076502,-0.0011554209443076502,11147.006549637481
4916,-1,124643.93,124474.1,0.001362521223456148,0.001362521223456148,11162.194582639368
4918,-1,124474.1,124610.88,-0.0010988631369899249,-0.0010988631369899249,11149.928858484596
4920,-1,124610.88,124725.4,-0.0009190208752236639,-0.0009190208752236639,11139.68184110639
4922,-1,124725.4,123830.39,0.007175843893866052,0.007175843893866052,11219.618459025505
4924,-1,123830.39,123982.51,-0.001228454501354559,-0.001228454501354559,11205.835668226035
4926,-1,123982.51,124096.06,-0.0009158549863201859,-0.0009158549863201859,11195.572747753406
4928,-1,124096.06,124248.39,-0.0012275168123789815,-0.0012275168123789815,11181.829993981326
4930,-1,124248.39,124504.59,-0.0020619985498402382,-0.0020619985498402382,11158.773076749176
4932,-1,124504.59,124077.38,0.0034312791199102577,0.0034312791199102577,11197.061941811242
4934,1,124077.38,124991.29,0.007365645535068355,0.007365645535068355,11279.535531108828
4936,1,124991.29,123872.23,-0.008953103852276434,-0.008953103852276434,11178.548678093368
4938,1,123872.23,122976.54,-0.007230757046999159,-0.007230757046999159,11097.71930846402
4940,-1,122976.54,121879.22,0.008923002712549866,0.008923002712549866,11196.744287956562
4942,-1,121879.22,122003.39,-0.0010187954927838305,-0.0010187954927838305,11185.33709534214
4944,-1,122003.39,121203.31,0.0065578505646441965,0.0065578505646441965,11258.688864528565
4946,-1,121203.31,121062.28,0.0011635820836906063,0.0011635820836906063,11271.789273177177
4948,-1,121062.28,121965.6,-0.007461613972576719,-0.007461613972576719,11187.683532840498
4950,-1,121965.6,121977.0,-9.346897813800048e-05,-9.346897813800048e-05,11186.637831492952
4952,-1,121977.0,122246.13,-0.002206399567131534,-0.002206399567131534,11161.95563862389
4954,-1,122246.13,122140.46,0.0008644036420620838,0.0008644036420620838,11171.60407373045
4956,-1,122140.46,121329.51,0.006639487029932667,0.006639487029932667,11245.777794081527
4958,-1,121329.51,122132.77,-0.006620483343252603,-0.006620483343252603,11171.32530951389
4960,-1,122132.77,122127.11,4.634300851447115e-05,4.634300851447115e-05,11171.843022337827
4962,-1,122127.11,122283.2,-0.0012780946015999994,-0.0012780946015999994,11157.564350081055
4964,1,122283.2,121733.12,-0.004498410247687379,-0.004498410247687379,11107.373048269419
4966,-1,121733.12,121874.04,-0.001157614295928644,-0.001157614295928644,11094.51499443853
4968,-1,121874.04,121778.32,0.0007854010583384641,0.0007854010583384641,11103.228638256916
4970,-1,121778.32,121792.99,-0.00012046479209115724,-0.00012046479209115724,11101.891090127468
4972,-1,121792.99,121500.0,0.0024056392736561127,0.0024056392736561127,11128.598235345733
4974,-1,121500.0,122380.26,-0.007244938271604884,-0.007244938271604884,11047.972228081162
4976,1,122380.26,122410.04,0.0002433398981176449,0.0002433398981176449,11050.66064051755
4978,1,122410.04,123079.85,0.005471855086396582,0.005471855086396582,11111.128254151408
4980,1,123079.85,123217.67,0.00111976087068677,0.00111976087068677,11123.57006079959
4982,1,123217.67,122639.85,-0.004689424820319976,-0.004689424820319976,11071.406915265909
4984,1,122639.85,122547.45,-0.000753425579043121,-0.000753425579043121,11063.065434099952
4986,1,122547.45,122189.05,-0.0029245814580393104,-0.0029245814580393104,11030.710598062307
4988,-1,122189.05,122057.45,0.0010770195856339981,0.0010770195856339981,11042.59088941988
4990,1,122057.45,122640.93,0.004780371865871436,0.004780371865871436,11095.378580233992
4992,1,122640.93,124099.99,0.011897006978013103,0.011897006978013103,11227.380376626732
4994,1,124099.99,123872.04,-0.0018368252890270664,-0.0018368252890270664,11206.757640421418
4996,1,123872.04,123165.91,-0.005700479301059325,-0.005700479301059325,11142.873750460207
4998,1,123165.91,122943.37,-0.0018068311272170234,-0.0018068311272170234,11122.740459321225
5000,1,122943.37,123421.86,0.003891954482783566,0.003891954482783566,11166.02965891272
5002,1,123421.86,123491.1,0.0005610027267455298,0.0005610027267455298,11172.293831998291
5004,-1,123491.1,123455.27,0.00029014236653490677,0.00029014236653490677,11175.535387770331
5006,1,123455.27,123338.21,-0.000948197675157969,-0.000948197675157969,11164.938771097002
5008,-1,123338.21,122581.19,0.006137757309758296,0.006137757309758296,11233.466455652308
5010,-1,122581.19,121906.01,0.005508022886708819,0.005508022886708819,11295.340645987117
5012,-1,121906.01,122145.4,-0.0019637259885709746,-0.0019637259885709746,11273.15969201083
5014,-1,122145.4,122257.99,-0.0009217702836128439,-0.0009217702836128439,11262.768428404312
5016,-1,122257.99,122173.34,0.0006923882848066665,0.0006923882848066665,11270.566637318629
5018,-1,122173.34,122099.98,0.0006004583323988566,0.0006004583323988566,11277.334142966864
5020,-1,122099.98,122095.74,3.472564041362425e-05,3.472564041362425e-05,11277.725755617137
5022,-1,122095.74,121200.0,0.007336373898057413,0.007336373898057413,11360.463368480096
5024,-1,121200.0,121428.39,-0.001884405940594025,-0.001884405940594025,11339.055643820631
5026,-1,121428.39,121809.7,-0.00314020469183518,-0.00314020469183518,11303.448688086926
5028,-1,121809.7,122432.01,-0.005108870640022856,-0.005108870640022856,11245.700830953354
5030,1,122432.01,123676.23,0.010162538375380725,0.010162538375380725,11359.985697205968
5032,1,123676.23,122381.11,-0.010471858658692934,-0.010471858658692934,11241.025532620053
5034,1,122381.11,121442.45,-0.007669974557347969,-0.007669974557347969,11154.807152786358
5036,-1,121442.45,121260.42,0.001498899272865506,0.001498899272865506,11171.527085116624
5038,-1,121260.42,119890.0,0.01130146176303859,0.01130146176303859,11297.78167130382
5040,-1,119890.0,121056.2,-0.009727249979147423,-0.009727249979147423,11187.885324777217
5042,-1,121056.2,120813.31,0.0020064234628214273,0.0020064234628214273,11210.332960392205
5044,-1,120813.31,120665.92,0.0012199814738955705,0.0012199814738955705,11224.009358920084
5046,-1,120665.92,121089.53,-0.0035106018335582245,-0.0035106018335582245,11184.606331084784
5048,-1,121089.53,121448.7,-0.002966152399798805,-0.002966152399798805,11151.431084175032
5050,1,121448.7,121607.84,0.0013103474965150408,0.0013103474965150408,11166.043333978741
5052,1,121607.84,121658.66,0.0004179006879820868,0.0004179006879820868,11170.70963117005
5054,-1,121658.66,121809.71,-0.0012415885560468354,-0.0012415885560468354,11156.840205929067
5056,1,121809.71,121513.59,-0.00243100488458603,-0.00243100488458603,11129.717872891908
5058,1,121513.59,121033.8,-0.003948447247752229,-0.003948447247752229,11085.772768988429
5060,-1,121033.8,121128.56,-0.0007829217953991829,-0.0007829217953991829,11077.093475868745
5062,-1,121128.56,121024.71,0.0008573535423850309,0.0008573535423850309,11086.590461199612
5064,-1,121024.71,121633.85,-0.005033187024368724,-0.005033187024368724,11030.789577945812
5066,1,121633.85,121266.91,-0.003016758903874206,-0.003016758903874206,10997.51234526978
5068,1,121266.91,120888.27,-0.0031223686659451744,-0.0031223686659451744,10963.174057319566
5070,-1,120888.27,121446.84,-0.004620547551883902,-0.004620547551883902,10912.518190268142
5072,-1,121446.84,121261.46,0.0015264291767491667,0.0015264291767491667,10929.175376425574
5074,1,121261.46,121570.16,0.0025457387697624956,0.0025457387697624956,10956.998201902874
5076,-1,121570.16,121369.23,0.0016527904544997307,0.0016527904544997307,10975.107823940949
5078,1,121369.23,121595.39,0.0018634047525885045,0.0018634047525885045,10995.558892020252
5080,1,121595.39,121697.06,0.0008361336725017932,0.0008361336725017932,11004.752649057846
5082,1,121697.06,120776.59,-0.007563617395522915,-0.007563617395522915,10921.516910488004
5084,-1,120776.59,119285.05,0.012349578672489425,0.012349578672489425,11056.393042796999
5086,-1,119285.05,118314.6,0.008135554287817315,0.008135554287817315,11146.342928624119
5088,-1,118314.6,117989.76,0.002745561410003594,0.002745561410003594,11176.945897631616
5090,-1,117989.76,117600.0,0.0033033375099669193,0.0033033375099669193,11213.867122262134
5092,-1,117600.0,117499.98,0.000850510204081667,0.000850510204081667,11223.404630676834
5094,-1,117499.98,114284.43,0.027366387636831968,0.027366387636831968,11530.548672404952
5096,-1,114284.43,114394.24,-0.0009608482975329569,-0.0009608482975329569,11519.46956434345
5098,-1,114394.24,114069.02,0.002842975310645035,0.002842975310645035,11552.219131906604
5100,-1,114069.02,113189.88,0.007707088217291602,0.007707088217291602,11641.253103861693
5102,-1,113189.88,112957.19,0.002055749153546227,0.002055749153546227,11665.184600076174
5104,-1,112957.19,110817.14,0.018945673135105423,0.018945673135105423,11886.189374569884
5106,-1,110817.14,112851.3,-0.018356005217243565,-0.018356005217243565,11668.006420397134
5108,-1,112851.3,111936.14,0.008109432500999159,0.008109432500999159,11762.62733088457
5110,-1,111936.14,112682.06,-0.0066637995557108365,-0.0066637995557108365,11684.243540103029
5112,-1,112682.06,111936.15,0.006619598541240723,0.006619598541240723,11761.588541596597
5114,-1,111936.15,112077.33,-0.0012612547421007037,-0.0012612547421007037,11746.754182273871
5116,-1,112077.33,110071.12,0.017900230135746487,0.017900230135746487,11957.023785484616
